"Company","code","market","Shariah","Sector","Market Cap","Last Price","PE","DY","ROE"
"THREE-A RESOURCES BERHAD","12","MAIN","Yes","Food & Beverages ","383.76m",0.78,"11.4","2.31","10.49"
"ASTRAL ASIA BERHAD","7054","MAIN","Yes","Plantation ","99.00m",0.15,"-","0","-2.44"
"AIRASIA X BERHAD","5238","MAIN","Yes","Travel, Leisure & Hospitality ","1.016b",0.25,"40.16","0","2.65"
"ABLEGROUP BERHAD","7086","MAIN","Yes","Building Materials ","22.43m",0.09,"-","0","-1.88"
"ACME HOLDINGS BERHAD","7131","MAIN","Yes","Property ","57.30m",0.24,"15.29","0","5.03"
"ACOUSTECH BERHAD","7120","MAIN","Yes","Household Goods ","75.57m",0.42,"-","0","-8.00"
"ADVANCECON HOLDINGS BERHAD","5281","MAIN","Yes","Construction ","120.62m",0.3,"11.72","3.33","5.69"
"ADVENTA BERHAD","7191","MAIN","Yes","Health Care Equipment & Services ","68.75m",0.45,"36.29","0","2.30"
"ADVANCED PACKAGING TECHNOLOGY (M) BHD","9148","MAIN","Yes","Packaging Materials ","40.39m",1.97,"26.37","5.08","4.73"
"AEON CO. (M) BHD","6599","MAIN","Yes","Retailers ","2.597b",1.85,"30.13","2.16","4.29"
"ABM FUJIYA BERHAD","5198","MAIN","Yes","Auto Parts ","108.00m",0.6,"23.17","0","3.05"
"AHB HOLDINGS BERHAD","7315","MAIN","Yes","Consumer Services ","25.53m",0.15,"20.71","0","3.24"
"APEX HEALTHCARE BERHAD","7090","MAIN","Yes","Pharmaceuticals ","1.036b",8.82,"18.98","1.36","14.89"
"AMALGAMATED INDUSTRIAL STEEL BERHAD","2682","MAIN","Yes","Metals ","37.54m",0.26,"4.01","0","6.33"
"AJINOMOTO (MALAYSIA) BERHAD","2658","MAIN","Yes","Food & Beverages ","1.240b",20.4,"20.83","2.28","13.29"
"AJIYA BERHAD","7609","MAIN","Yes","Building Materials ","175.14m",0.58,"7.32","1.74","6.89"
"ALAM MARITIM RESOURCES BERHAD","5115","MAIN","Yes","Energy Infrastructure, Equipment & Services ","101.69m",0.11,"-","0","-27.66"
"AL-`AQAR HEALTHCARE REIT","5116","MAIN","Yes","Real Estate Investment Trusts ","910.28m",1.25,"10.42","6.16","9.57"
"ALCOM GROUP BERHAD","2674","MAIN","Yes","Metals ","74.55m",0.56,"-","36.94","-"
"AL-SALAM REAL ESTATE INVESTMENT TRUST","5269","MAIN","Yes","Real Estate Investment Trusts ","493.00m",0.85,"-","7.06","0.00"
"ASIA MEDIA GROUP BERHAD","0159","MAIN","Yes","Media ","33.52m",0.14,"-","0","-2.55"
"AMCORP PROPERTIES BERHAD","1007","MAIN","Yes","Property ","335.20m",0.55,"2.80","7.27","12.65"
"AMTEK HOLDINGS BERHAD","7051","MAIN","Yes","Personal Goods ","12.50m",0.25,"-","0","-55.16"
"AMVERTON BERHAD","5959","MAIN","Yes","Property ","354.11m",0.97,"13.96","0","3.93"
"AMWAY (MALAYSIA) HOLDINGS BERHAD","6351","MAIN","Yes","Retailers ","1.085b",6.6,"23.55","4.17","22.78"
"ANALABS RESOURCES BERHAD","7083","MAIN","Yes","Industrial Services ","139.26m",1.16,"15.26","0.86","1.71"
"ANCOM BERHAD","4758","MAIN","Yes","Chemicals ","131.26m",0.55,"5.59","0","6.59"
"ANN JOO RESOURCES BERHAD","6556","MAIN","Yes","Metals ","856.66m",1.53,"4.63","12.42","13.82"
"ANZO HOLDINGS BERHAD","9342","MAIN","Yes","Wood & Wood Products ","44.04m",0.05,"-","0","-"
"APB RESOURCES BERHAD","5568","MAIN","Yes","Industrial Engineering ","92.56m",0.82,"107.89","3.66","0.50"
"APFT BERHAD","5194","MAIN","Yes","Consumer Services ","26.85m",0.02,"-","0","-"
"APM AUTOMOTIVE HOLDINGS BERHAD","5015","MAIN","Yes","Auto Parts ","626.98m",3.11,"18.33","4.18","2.72"
"APOLLO FOOD HOLDINGS BERHAD","6432","MAIN","Yes","Food & Beverages ","335.20m",4.19,"29.16","4.77","4.64"
"A-RANK BERHAD","7214","MAIN","Yes","Metals ","101.08m",0.84,"7.25","3.87","11.14"
"ARK RESOURCES BERHAD","7007","MAIN","Yes","Property ","19.47m",0.4,"129.03","0","0.86"
"ADVANCE SYNERGY BERHAD","1481","MAIN","Yes","Travel, Leisure & Hospitality ","120.80m",0.13,"-","1.92","-0.75"
"ASIA BRANDS BERHAD","7722","MAIN","Yes","Personal Goods ","68.63m",0.59,"-","0","-11.28"
"ASIA FILE CORPORATION BHD","7129","MAIN","Yes","Consumer Services ","486.90m",2.5,"9.20","6","8.93"
"ASIAN PAC HOLDINGS BERHAD","4057","MAIN","Yes","Property ","124.46m",0.12,"2.75","0","4.50"
"ASTINO BERHAD","7162","MAIN","Yes","Building Materials ","200.11m",0.73,"6.94","2.74","7.97"
"ATA IMS BERHAD","8176","MAIN","Yes","Chemicals ","1.950b",1.7,"40.09","0","10.87"
"ATTA GLOBAL GROUP BERHAD","7099","MAIN","Yes","Metals ","155.72m",0.73,"5.48","9.59","8.28"
"ATURMAJU RESOURCES BERHAD","7181","MAIN","Yes","Wood & Wood Products ","21.84m",0.33,"-","0","-22.89"
"AVILLION BERHAD","8885","MAIN","Yes","Travel, Leisure & Hospitality ","218.93m",0.26,"-","0","-4.89"
"AWC BERHAD","7579","MAIN","Yes","Industrial Services ","238.00m",0.84,"11.13","2.4","12.48"
"AXIATA GROUP BERHAD","6888","MAIN","Yes","Telecommunications Service Providers ","31.839b",3.51,"-","2.42","-16.02"
"AXIS REAL ESTATE INVESTMENT TRUST","5106","MAIN","Yes","Real Estate Investment Trusts ","1.848b",1.5,"13.99","5.51","8.16"
"AYER HOLDINGS BERHAD","2305","MAIN","Yes","Property ","344.32m",4.6,"26.41","1.09","2.59"
"AYS VENTURES BERHAD","5021","MAIN","Yes","Building Materials ","135.05m",0.36,"5.66","7.04","8.96"
"AHMAD ZAKI RESOURCES BERHAD","7078","MAIN","Yes","Construction ","186.07m",0.35,"8.97","2.86","4.43"
"BARAKAH OFFSHORE PETROLEUM BERHAD","7251","MAIN","Yes","Energy Infrastructure, Equipment & Services ","58.51m",0.07,"-","0","-101.49"
"BERMAZ AUTO BERHAD","5248","MAIN","Yes","Automotive ","2.511b",2.16,"14.75","4.81","35.79"
"BINA DARULAMAN BERHAD","6173","MAIN","Yes","Property ","106.35m",0.35,"-","0","-5.80"
"BENALEC HOLDINGS BERHAD","5190","MAIN","Yes","Construction ","172.36m",0.2,"-","2","-0.03"
"BOUSTEAD HEAVY INDUSTRIES CORPORATION BHD","8133","MAIN","Yes","Transportation Equipment ","327.96m",1.32,"-","3.79","-1.22"
"B.I.G. INDUSTRIES BERHAD","7005","MAIN","Yes","Diversified Industrials ","14.43m",0.3,"-","0","-14.45"
"BIMB HOLDINGS BERHAD","5258","MAIN","Yes","Banking ","6.182b",3.65,"9.44","3.84","13.38"
"BIO OSMO BERHAD","7243","MAIN","Yes","Food & Beverages ","31.81m",0.04,"-","0","-"
"BINTULU PORT HOLDINGS BERHAD","5032","MAIN","Yes","Transportation & Logistics Services ","2.300b",5,"19.25","5","10.04"
"BATU KAWAN BERHAD","1899","MAIN","Yes","Plantation ","7.280b",16.7,"15.64","3.59","6.49"
"BLD PLANTATION BHD.","5069","MAIN","Yes","Plantation ","654.50m",7,"20.65","0.43","5.26"
"BOILERMECH HOLDINGS BERHAD","168","MAIN","Yes","Industrial Materials, Components & Equipment ","314.76m",0.61,"15.10","2.87","10.92"
"BONIA CORPORATION BERHAD","9288","MAIN","Yes","Personal Goods ","229.79m",0.29,"11.63","4.39","4.45"
"BORNEO OIL BERHAD","7036","MAIN","Yes","Industrial Services ","240.32m",0.05,"-","0","-"
"BOUSTEAD PLANTATIONS BERHAD","5254","MAIN","Yes","Plantation ","2.117b",0.95,"3.64","20.63","20.14"
"BP PLASTICS HOLDING BHD","5100","MAIN","Yes","Packaging Materials ","189.56m",1.01,"11.20","3.96","9.80"
"BINA PURI HOLDINGS BHD","5932","MAIN","Yes","Construction ","64.56m",0.19,"19.39","0","1.15"
"BRAHIM'S HOLDINGS BERHAD","9474","MAIN","Yes","Food & Beverages ","48.44m",0.21,"-","0","-10.14"
"BSL CORPORATION BERHAD","7221","MAIN","Yes","Metals ","35.28m",0.36,"-","0","-0.99"
"CAB CAKARAN CORPORATION BERHAD","7174","MAIN","Yes","Agricultural Products ","455.50m",0.71,"8.12","0.71","13.35"
"CAELY HOLDINGS BHD","7154","MAIN","Yes","Personal Goods ","85.06m",1.05,"73.94","0.95","1.30"
"CAM RESOURCES BERHAD","7128","MAIN","Yes","Household Goods ","44.28m",0.23,"8.15","0","4.84"
"CAN-ONE BERHAD","5105","MAIN","Yes","Packaging Materials ","386.23m",2.01,"6.88","1.99","6.89"
"CARIMIN PETROLEUM BERHAD","5257","MAIN","Yes","Energy Infrastructure, Equipment & Services ","58.47m",0.25,"-","0","-18.76"
"CARING PHARMACY GROUP BERHAD","5245","MAIN","Yes","Retailers ","357.04m",1.64,"18.41","3.05","13.10"
"CB INDUSTRIAL PRODUCT HOLDING BERHAD","7076","MAIN","Yes","Industrial Materials, Components & Equipment ","565.16m",1.05,"13.19","5.71","5.61"
"CCK CONSOLIDATED HOLDINGS BERHAD","7035","MAIN","Yes","Food & Beverages ","387.89m",0.62,"10.39","4.88","14.44"
"CHEMICAL COMPANY OF MALAYSIA BERHAD","2879","MAIN","Yes","Chemicals ","295.14m",1.76,"14.34","1.7","6.60"
"CCM DUOPHARMA BIOTECH BERHAD","7148","MAIN","Yes","Pharmaceuticals ","721.45m",1.09,"16.24","7.8","9.19"
"CENSOF HOLDINGS BERHAD","5195","MAIN","Yes","Software ","75.26m",0.15,"-","0","-5.69"
"CEPATWAWASAN GROUP BERHAD","8982","MAIN","Yes","Plantation ","194.25m",0.61,"9.06","3.28","5.96"
"CONCRETE ENGINEERING PRODUCTS BERHAD","8435","MAIN","Yes","Building Materials ","56.42m",1.26,"-","0","-5.16"
"COMPUTER FORMS (MALAYSIA) BERHAD","8044","MAIN","Yes","Industrial Services ","47.56m",1.16,"-","0","-6.18"
"CHEETAH HOLDINGS BERHAD","7209","MAIN","Yes","Personal Goods ","48.50m",0.38,"122.58","1.05","0.29"
"CHIN HIN GROUP PROPERTY BERHAD","7187","MAIN","Yes","Transportation Equipment ","118.84m",0.4,"15.75","0","6.51"
"COUNTRY HEIGHTS HOLDINGS BHD","5738","MAIN","Yes","Property ","358.42m",1.3,"-","0","-1.61"
"CHIN HIN GROUP BERHAD","5273","MAIN","Yes","Building Materials ","400.60m",0.72,"17.52","4.86","5.63"
"CHIN WELL HOLDINGS BERHAD","5007","MAIN","Yes","Industrial Materials, Components & Equipment ","569.11m",1.9,"10.18","4.21","10.09"
"CHOO BEE METAL INDUSTRIES BHD","5797","MAIN","Yes","Metals ","217.29m",1.65,"4.88","3.64","7.41"
"CHUAN HUAT RESOURCES BHD","7016","MAIN","Yes","Building Materials ","59.03m",0.35,"318.18","3.14","0.07"
"CENTRAL INDUSTRIAL CORPORATION BERHAD","8052","MAIN","Yes","Packaging Materials ","54.00m",0.6,"35.93","2.92","1.49"
"C.I. HOLDINGS BERHAD","2828","MAIN","Yes","Food & Beverages ","270.54m",1.67,"8.68","5.99","14.79"
"CJ CENTURY LOGISTICS HOLDINGS BERHAD","7117","MAIN","Yes","Transportation & Logistics Services ","197.11m",0.5,"15.58","3","3.91"
"CME GROUP BERHAD","7018","MAIN","Yes","Industrial Services ","20.45m",0.04,"-","0","-"
"CAHYA MATA SARAWAK BERHAD","2852","MAIN","Yes","Building Materials ","3.599b",3.35,"13.92","2.39","10.79"
"CNI HOLDINGS BERHAD","5104","MAIN","Yes","Consumer Services ","50.40m",0.07,"31.82","0","2.00"
"COASTAL CONTRACTS BHD","5071","MAIN","Yes","Energy Infrastructure, Equipment & Services ","478.44m",0.9,"-","2.22","-48.44"
"COCOALAND HOLDINGS BERHAD","7205","MAIN","Yes","Food & Beverages ","457.60m",2,"14.50","6.5","13.52"
"COMINTEL CORPORATION BHD","7195","MAIN","Yes","Industrial Materials, Components & Equipment ","18.90m",0.14,"-","0","-167.22"
"COMFORT GLOVES BERHAD","2127","MAIN","Yes","Industrial Materials, Components & Equipment ","511.37m",0.91,"18.16","1.1","10.44"
"COMPLETE LOGISTIC SERVICES BERHAD","5136","MAIN","Yes","Transportation & Logistics Services ","77.97m",0.63,"7.10","0","7.78"
"COMPUGATES HOLDINGS BERHAD","5037","MAIN","Yes","Industrial Services ","58.69m",0.03,"-","0","-5.80"
"CREST BUILDER HOLDINGS BERHAD","8591","MAIN","Yes","Construction ","168.08m",0.95,"4.91","4.21","7.45"
"CRESCENDO CORPORATION BERHAD","6718","MAIN","Yes","Property ","364.60m",1.3,"13.57","4.62","3.03"
"CLASSIC SCENIC BERHAD","7202","MAIN","Yes","Household Goods ","148.21m",1.23,"17.65","8.13","8.94"
"CSC STEEL HOLDINGS BERHAD","5094","MAIN","Yes","Metals ","433.20m",1.14,"8.69","8.77","6.05"
"CUSCAPI BERHAD","0051","MAIN","Yes","Software ","189.04m",0.22,"-","0","-20.46"
"COUNTRY VIEW BERHAD","5049","MAIN","Yes","Property ","130.00m",1.3,"4.64","0","8.17"
"CWG HOLDINGS BERHAD","9423","MAIN","Yes","Consumer Services ","57.46m",0.46,"8.73","3.3","8.02"
"CYL CORPORATION BERHAD","7157","MAIN","Yes","Packaging Materials ","59.50m",0.6,"-","6.72","-1.82"
"CYMAO HOLDINGS BERHAD","5082","MAIN","Yes","Wood & Wood Products ","27.75m",0.37,"-","0","-14.72"
"CYPARK RESOURCES BERHAD","5184","MAIN","Yes","Industrial Services ","755.53m",2.52,"11.05","2.22","10.91"
"D&O GREEN TECHNOLOGIES BERHAD","7204","MAIN","Yes","Semiconductors ","971.91m",0.89,"36.12","1.13","8.54"
"DAIBOCHI BERHAD","8125","MAIN","Yes","Packaging Materials ","560.71m",1.71,"22.65","2.79","12.18"
"DAIMAN DEVELOPMENT BHD","5355","MAIN","Yes","Property ","623.84m",2.94,"15.19","1.7","3.44"
"DANCOMECH HOLDINGS BERHAD","5276","MAIN","Yes","Industrial Materials, Components & Equipment ","143.04m",0.48,"10.41","3.12","12.13"
"DAYA MATERIALS BERHAD","0091","MAIN","Yes","Energy Infrastructure, Equipment & Services ","40.86m",0.02,"-","0","-"
"DAYANG ENTERPRISE HOLDINGS BERHAD","5141","MAIN","Yes","Energy Infrastructure, Equipment & Services ","685.01m",0.71,"-","0","-3.65"
"D.B.E. GURNEY RESOURCES BERHAD","7179","MAIN","Yes","Agricultural Products ","80.35m",0.03,"-","0","-35.33"
"DAMANSARA REALTY BHD","3484","MAIN","Yes","Property ","109.84m",0.35,"6.10","0","11.65"
"DEGEM BERHAD","7119","MAIN","Yes","Personal Goods ","140.70m",1.05,"15.74","0.95","3.53"
"DELEUM BERHAD","5132","MAIN","Yes","Energy Infrastructure, Equipment & Services ","433.22m",1.08,"13.08","3.94","10.20"
"DESTINI BERHAD","7212","MAIN","Yes","Industrial Engineering ","271.48m",0.24,"9.75","0","5.34"
"DIALOG GROUP BERHAD","7277","MAIN","Yes","Energy Infrastructure, Equipment & Services ","18.223b",3.23,"39.25","0.99","12.78"
"DIGI.COM BERHAD","6947","MAIN","Yes","Telecommunications Service Providers ","33.588b",4.32,"22.05","4.35","217.67"
"DKLS INDUSTRIES BHD","7528","MAIN","Yes","Construction ","168.71m",1.82,"22.06","1.65","1.91"
"DKSH HOLDINGS (MALAYSIA) BERHAD","5908","MAIN","Yes","Consumer Services ","468.24m",2.97,"9.43","3.37","8.47"
"DUTCH LADY MILK INDUSTRIES BERHAD","3026","MAIN","Yes","Food & Beverages ","4.064b",63.5,"34.30","4.41","120.23"
"DAGANG NEXCHANGE BERHAD","4456","MAIN","Yes","Digital Services ","650.47m",0.37,"13.07","1.35","11.32"
"DOLPHIN INTERNATIONAL BERHAD","5265","MAIN","Yes","Industrial Materials, Components & Equipment ","26.86m",0.11,"-","0","-270.34"
"DOMINANT ENTERPRISE BERHAD","7169","MAIN","Yes","Wood & Wood Products ","216.46m",1.31,"7.31","5.34","11.12"
"DPS RESOURCES BERHAD","7198","MAIN","Yes","Property ","38.21m",0.07,"-","0","-5.05"
"DRB-HICOM BERHAD","1619","MAIN","Yes","Automotive ","4.002b",2.07,"6.65","1.45","9.18"
"DATASONIC GROUP BERHAD","5216","MAIN","Yes","Digital Services ","567.00m",0.42,"9.52","9.52","22.85"
"DUFU TECHNOLOGY CORP. BERHAD","7233","MAIN","Yes","Industrial Materials, Components & Equipment ","701.88m",4,"16.20","1.62","24.69"
"DUTALAND BERHAD","3948","MAIN","Yes","Plantation ","423.06m",0.5,"1.09","10","29.85"
"EASTERN & ORIENTAL BERHAD","3417","MAIN","Yes","Property ","1.499b",1.13,"16.14","2.65","4.93"
"EASTLAND EQUITY BHD","2097","MAIN","Yes","Travel, Leisure & Hospitality ","31.94m",0.13,"-","0","-5.03"
"E.A.TECHNIQUE (M) BERHAD","5259","MAIN","Yes","Transportation & Logistics Services ","259.56m",0.52,"3.12","0","33.00"
"ECOFIRST CONSOLIDATED BHD","3557","MAIN","Yes","Property ","236.93m",0.3,"5.18","0","14.44"
"ECONPILE HOLDINGS BERHAD","5253","MAIN","Yes","Construction ","896.13m",0.67,"10.29","3.73","23.25"
"ECO WORLD DEVELOPMENT GROUP BERHAD","8206","MAIN","Yes","Property ","3.092b",1.05,"23.65","0","3.02"
"ECS ICT BERHAD","5162","MAIN","Yes","Technology Equipment ","180.00m",1,"6.46","5","9.80"
"EDARAN BERHAD","5036","MAIN","Yes","Technology Equipment ","31.20m",0.52,"4.33","0","22.99"
"UEM EDGENTA BERHAD","1368","MAIN","Yes","Industrial Services ","2.204b",2.65,"5.17","11.7","29.47"
"EXCEL FORCE MSC BERHAD","65","MAIN","Yes","Software ","232.11m",0.56,"36.60","4.46","12.75"
"EG INDUSTRIES BERHAD","8907","MAIN","Yes","Industrial Materials, Components & Equipment ","134.94m",0.5,"7.17","0","5.71"
"ESTHETICS INTERNATIONAL GROUP BERHAD","5081","MAIN","Yes","Personal Goods ","141.13m",0.6,"77.27","5.04","1.04"
"EITA RESOURCES BERHAD","5208","MAIN","Yes","Industrial Materials, Components & Equipment ","176.80m",1.36,"10.73","3.68","9.82"
"EKA NOODLES BERHAD","7182","MAIN","Yes","Food & Beverages ","20.28m",0.07,"-","0","-"
"EKOVEST BERHAD","8877","MAIN","Yes","Construction ","1.048b",0.49,"9.14","2.04","5.76"
"EKSONS CORPORATION BERHAD","9016","MAIN","Yes","Wood & Wood Products ","127.27m",0.78,"-","6.45","-1.44"
"ELSOFT RESEARCH BERHAD","90","MAIN","Yes","Technology Equipment ","958.79m",1.44,"22.78","5.56","37.18"
"EONMETALL GROUP BERHAD","7217","MAIN","Yes","Metals ","84.73m",0.45,"7.99","5.56","5.69"
"EMICO HOLDINGS BERHAD","9091","MAIN","Yes","Consumer Services ","18.23m",0.19,"-","0","-0.89"
"ENG KAH CORPORATION BERHAD","7149","MAIN","Yes","Household Goods ","74.30m",1.05,"49.30","2.86","2.15"
"ENRA GROUP BERHAD","8613","MAIN","Yes","Property ","277.86m",2.04,"178.95","2.21","1.00"
"EP MANUFACTURING BHD","7773","MAIN","Yes","Auto Parts ","78.00m",0.47,"-","0","-9.07"
"EUPE CORPORATION BERHAD","6815","MAIN","Yes","Property ","94.08m",0.74,"5.60","0","5.56"
"EURO HOLDINGS BERHAD","7208","MAIN","Yes","Consumer Services ","50.79m",0.19,"-","0","-2.79"
"EUROSPAN HOLDINGS BERHAD","7094","MAIN","Yes","Household Goods ","26.65m",0.6,"-","0","-4.27"
"EVERGREEN FIBREBOARD BERHAD","5101","MAIN","Yes","Wood & Wood Products ","423.21m",0.5,"8.98","2.76","3.98"
"EWEIN BERHAD","7249","MAIN","Yes","Property ","179.44m",0.6,"6.56","0.84","11.78"
"FRASER & NEAVE HOLDINGS BHD","3689","MAIN","Yes","Food & Beverages ","12.250b",33.4,"31.81","1.72","16.64"
"FAJARBARU BUILDER GROUP BHD","7047","MAIN","Yes","Construction ","142.06m",0.38,"7.29","3.95","6.77"
"FAR EAST HOLDINGS BERHAD","5029","MAIN","Yes","Plantation ","1.722b",2.9,"25.02","12.07","7.94"
"FAVELLE FAVCO BERHAD","7229","MAIN","Yes","Industrial Engineering ","509.23m",2.3,"11.69","5.87","7.24"
"FGV HOLDINGS BERHAD","5222","MAIN","Yes","Plantation ","4.414b",1.21,"47.27","4.13","1.67"
"FIAMMA HOLDINGS BERHAD","6939","MAIN","Yes","Household Goods ","249.11m",0.47,"8.66","3.72","6.03"
"FEDERAL INTERNATIONAL HOLDINGS BERHAD","8605","MAIN","Yes","Household Goods ","34.88m",0.32,"9.12","3.75","3.87"
"FIMA CORPORATION BERHAD","3107","MAIN","Yes","Industrial Services ","436.57m",1.78,"13.12","7.02","5.87"
"FITTERS DIVERSIFIED BERHAD","9318","MAIN","Yes","Industrial Materials, Components & Equipment ","197.00m",0.41,"35.04","0","1.51"
"FOUNDPAC GROUP BERHAD","5277","MAIN","Yes","Industrial Materials, Components & Equipment ","127.06m",0.25,"16.90","4.08","10.58"
"FREIGHT MANAGEMENT HOLDINGS BERHAD","7210","MAIN","Yes","Transportation & Logistics Services ","186.15m",1,"9.47","5","6.81"
"FRONTKEN CORPORATION BERHAD","128","MAIN","Yes","Semiconductors ","895.42m",0.85,"20.63","0.82","13.73"
"FSBM HOLDINGS BERHAD","9377","MAIN","Yes","Technology Equipment ","13.42m",0.1,"-","0","-12.25"
"G3 GLOBAL BERHAD","7184","MAIN","Yes","Personal Goods ","342.38m",0.83,"-","0","-"
"GADANG HOLDINGS BHD","9261","MAIN","Yes","Construction ","410.27m",0.62,"4.40","4.84","12.94"
"GAMUDA BERHAD","5398","MAIN","Yes","Construction ","6.121b",2.48,"11.91","4.84","6.78"
"GAS MALAYSIA BERHAD","5209","MAIN","Yes","Gas, Water & Multi-utilities ","3.659b",2.85,"17.73","4.56","21.20"
"GABUNGAN AQRS BERHAD","5226","MAIN","Yes","Construction ","479.76m",0.97,"7.07","3.09","13.07"
"GD EXPRESS CARRIER BERHAD","0078","MAIN","Yes","Transportation & Logistics Services ","1.933b",0.35,"82.14","0.72","5.25"
"GENTING PLANTATIONS BERHAD","2291","MAIN","Yes","Plantation ","7.878b",9.78,"24.52","2.66","7.69"
"GE-SHEN CORPORATION BERHAD","7197","MAIN","Yes","Industrial Materials, Components & Equipment ","61.61m",0.77,"11.65","0","4.97"
"GETS GLOBAL BERHAD","5079","MAIN","Yes","Travel, Leisure & Hospitality ","17.01m",0.14,"-","0","-"
"GHL SYSTEMS BERHAD","0021","MAIN","Yes","Digital Services ","1.218b",1.65,"57.69","0","5.48"
"GEORGE KENT (MALAYSIA) BERHAD","3204","MAIN","Yes","Construction ","625.23m",1.11,"4.94","8.56","25.76"
"GLOMAC BERHAD","5020","MAIN","Yes","Property ","324.04m",0.41,"10.86","3.7","2.70"
"GLOBALTEC FORMATION BERHAD","5220","MAIN","Yes","Industrial Materials, Components & Equipment ","188.36m",0.04,"-","0","-8.26"
"GROMUTUAL BERHAD","9962","MAIN","Yes","Property ","120.19m",0.32,"6.93","1.56","4.97"
"GOODWAY INTEGRATED INDUSTRIES BERHAD","7192","MAIN","Yes","Auto Parts ","25.42m",0.23,"-","0","-"
"GOPENG BERHAD","2135","MAIN","Yes","Plantation ","188.30m",0.7,"106.06","5.71","0.38"
"GPA HOLDINGS BERHAD","7096","MAIN","Yes","Auto Parts ","83.34m",0.09,"-","0","-0.09"
"GOLDEN PHAROS BERHAD","5649","MAIN","Yes","Wood & Wood Products ","29.87m",0.22,"5.74","0","6.84"
"GRAND-FLO BERHAD","0056","MAIN","Yes","Digital Services ","94.21m",0.2,"10.48","3.08","7.24"
"GREENYIELD BERHAD","0136","MAIN","Yes","Agricultural Products ","45.05m",0.14,"-","2.22","-0.74"
"GSB GROUP BERHAD","7077","MAIN","Yes","Property ","88.39m",0.16,"-","0","-4.30"
"GLOBETRONICS TECHNOLOGY BERHAD","7022","MAIN","Yes","Semiconductors ","1.365b",2.04,"18.65","8.33","24.31"
"GUH HOLDINGS BERHAD","3247","MAIN","Yes","Industrial Materials, Components & Equipment ","162.57m",0.59,"-","0","-0.57"
"HALEX HOLDINGS BERHAD","5151","MAIN","Yes","Chemicals ","76.85m",0.73,"-","0","-17.57"
"HANDAL RESOURCES BERHAD","7253","MAIN","Yes","Energy Infrastructure, Equipment & Services ","59.20m",0.37,"-","0","-3.9"
"HARBOUR-LINK GROUP BERHAD","2062","MAIN","Yes","Transportation & Logistics Services ","292.29m",0.73,"8.14","2.05","9.54"
"HARN LEN CORPORATION BHD","7501","MAIN","Yes","Plantation ","100.16m",0.54,"-","0","-2.28"
"HARTALEGA HOLDINGS BERHAD","5168","MAIN","Yes","Health Care Equipment & Services ","20.635b",6.2,"43.48","1.89","22.28"
"HEVEABOARD BERHAD","5095","MAIN","Yes","Wood & Wood Products ","462.52m",0.83,"15.80","8.24","6.44"
"HIAP TECK VENTURE BERHAD","5072","MAIN","Yes","Metals ","463.75m",0.35,"16.59","0","3.3"
"HIBISCUS PETROLEUM BERHAD","5199","MAIN","Yes","Oil & Gas Producers ","1.684b",1.06,"8.26","0","20.37"
"KUMPULAN H & L HIGH-TECH BERHAD","7033","MAIN","Yes","Industrial Engineering ","58.89m",1.45,"8.78","2.41","6.52"
"HONG LEONG INDUSTRIES BERHAD","3301","MAIN","Yes","Automotive ","3.476b",10.6,"10.77","4.43","20.13"
"HO HUP CONSTRUCTION COMPANY BHD","5169","MAIN","Yes","Construction ","133.08m",0.36,"4.06","0","9.4"
"HOCK HENG STONE INDUSTRIES BHD","5165","MAIN","Yes","Building Materials ","34.40m",0.43,"104.88","0","0.57"
"HOMERITZ CORPORATION BERHAD","5160","MAIN","Yes","Household Goods ","226.51m",0.76,"10.75","5.56","14.62"
"GRAND HOOVER BERHAD","7010","MAIN","Yes","Property ","27.60m",0.69,"-","0","-3.85"
"HOVID BERHAD","7213","MAIN","Yes","Pharmaceuticals ","305.65m",0.37,"34.26","0","4.22"
"HOCK SENG LEE BERHAD","6238","MAIN","Yes","Construction ","774.96m",1.33,"14.46","1.8","6.7"
"HAP SENG PLANTATIONS HOLDINGS BERHAD","5138","MAIN","Yes","Plantation ","1.392b",1.74,"15.25","6.32","5.57"
"HSS ENGINEERS BERHAD","185","MAIN","Yes","Industrial Engineering ","468.59m",0.95,"20.41","0.84","6.91"
"HEITECH PADU BERHAD","5028","MAIN","Yes","Digital Services ","52.13m",0.52,"-","0","-15.59"
"SINO HUA-AN INTERNATIONAL BERHAD","2739","MAIN","Yes","Other Energy Resources ","241.30m",0.22,"5.96","0","10.94"
"HUA YANG BERHAD","5062","MAIN","Yes","Property ","132.00m",0.38,"26.22","10.67","0.82"
"HUP SENG INDUSTRIES BERHAD","5024","MAIN","Yes","Food & Beverages ","856.00m",1.07,"19.56","5.61","26.05"
"HWA TAI INDUSTRIES BERHAD","8478","MAIN","Yes","Food & Beverages ","24.32m",0.33,"61.32","0","1.42"
"HO WAH GENTING BERHAD","9601","MAIN","Yes","Industrial Materials, Components & Equipment ","42.20m",0.13,"-","0","-32.7"
"I-BERHAD","4251","MAIN","Yes","Property ","449.32m",0.45,"6.40","4.79","7.16"
"IBRACO BERHAD","5084","MAIN","Yes","Property ","307.77m",0.62,"20.39","4.44","4.63"
"ICON OFFSHORE BERHAD","5255","MAIN","Yes","Energy Infrastructure, Equipment & Services ","147.15m",0.13,"-","0.00","-12.21"
"IDEAL UNITED BINTANG INTERNATIONAL BERHAD","9687","MAIN","Yes","Property ","156.87m",1.42,"3.87","0.00","32.59"
"IHH HEALTHCARE BERHAD","5225","MAIN","Yes","Health Care Providers ","39.658b",4.81,"97.76","0.62","1.91"
"IJM CORPORATION BERHAD","3336","MAIN","Yes","Construction ","6.290b",1.73,"21.98","3.47","3.10"
"IJM PLANTATIONS BERHAD","2216","MAIN","Yes","Plantation ","1.629b",1.85,"160.87","2.70","0.75"
"IKHMAS JAYA GROUP BERHAD","5268","MAIN","Yes","Construction ","81.80m",0.15,"4.13","0.00","9.08"
"IMASPRO CORPORATION BERHAD","7222","MAIN","Yes","Chemicals ","181.60m",2.27,"31.66","1.54","4.37"
"INARI AMERTRON BERHAD","0166","MAIN","Yes","Semiconductors ","5.542b",1.75,"22.24","4.80","23.28"
"INCH KENNETH KAJANG RUBBER PUBLIC LTD CO","2607","MAIN","Yes","Plantation ","273.49m",0.65,"-","1.68","-2.64"
"INNOPRISE PLANTATIONS BERHAD","6262","MAIN","Yes","Plantation ","328.02m",0.69,"15.78","7.30","3.34"
"IOI CORPORATION BERHAD","1961","MAIN","Yes","Plantation ","27.212b",4.33,"9.57","4.73","31.65"
"IOI PROPERTIES GROUP BERHAD","5249","MAIN","Yes","Property ","9.305b",1.69,"11.88","2.96","4.27"
"IPMUDA BERHAD","5673","MAIN","Yes","Industrial Services ","37.68m",0.52,"-","0.00","-"
"IQ GROUP HOLDINGS BERHAD","5107","MAIN","Yes","Household Goods ","127.64m",1.45,"-","6.90","-1.88"
"IREKA CORPORATION BERHAD","8834","MAIN","Yes","Construction ","104.56m",0.56,"18.98","3.57","2.92"
"IRE-TEX CORPORATION BERHAD","7183","MAIN","Yes","Packaging Materials ","18.17m",0.13,"-","0.00","-40.04"
"INDUSTRONICS BERHAD","9393","MAIN","Yes","Technology Equipment ","10.28m",0.1,"-","0.00","-22.93"
"IVORY PROPERTIES GROUP BERHAD","5175","MAIN","Yes","Property ","115.17m",0.24,"-","10.64","-0.23"
"ISKANDAR WATERFRONT CITY BERHAD","1589","MAIN","Yes","Property ","422.88m",0.51,"-","0.00","-"
"JADI IMAGING HOLDINGS BERHAD","7223","MAIN","Yes","Consumer Services ","32.96m",0.04,"-","0","-11.46"
"JAKS RESOURCES BERHAD","4723","MAIN","Yes","Construction ","447.67m",0.82,"3.03","0","18.41"
"JAYCORP BERHAD","7152","MAIN","Yes","Household Goods ","125.58m",0.92,"12.20","12.02","6.76"
"JCY INTERNATIONAL BERHAD","5161","MAIN","Yes","Technology Equipment ","571.14m",0.28,"-","13.64","-6.59"
"KUMPULAN JETSON BERHAD","9083","MAIN","Yes","Auto Parts ","37.20m",0.18,"-","0","-5.96"
"JMR CONGLOMERATION BERHAD","7043","MAIN","Yes","Building Materials ","124.88m",0.99,"-","3.05","-4.04"
"JOHORE TIN BERHAD","7167","MAIN","Yes","Food & Beverages ","277.87m",0.9,"13.54","4.47","6.96"
"JAYA TIASA HOLDINGS BHD","4383","MAIN","Yes","Plantation ","491.73m",0.51,"-","0.99","-1.49"
"KAMDAR GROUP (M) BERHAD","8672","MAIN","Yes","Retailers ","60.39m",0.31,"-","0","-"
"KARYON INDUSTRIES BERHAD","0054","MAIN","Yes","Chemicals ","78.49m",0.17,"7.30","1.82","10.76"
"KAWAN FOOD BERHAD","7216","MAIN","Yes","Food & Beverages ","683.09m",1.9,"27.58","1.32","8.01"
"KARAMBUNAI CORP BHD","3115","MAIN","Yes","Property ","491.01m",0.09,"11.49","0","4.90"
"KEIN HING INTERNATIONAL BERHAD","7199","MAIN","Yes","Metals ","63.16m",0.58,"40.56","1.72","1.46"
"KEN HOLDINGS BERHAD","7323","MAIN","Yes","Property ","145.71m",0.76,"2.58","3.29","16.10"
"KERJAYA PROSPEK GROUP BERHAD","7161","MAIN","Yes","Construction ","1.602b",1.29,"12.30","4.65","13.99"
"KESM INDUSTRIES BERHAD","9334","MAIN","Yes","Semiconductors ","458.53m",10.66,"11.66","1.74","11.03"
"KEY ASIC BERHAD","0143","MAIN","Yes","Semiconductors ","120.97m",0.13,"26.53","0","14.41"
"KUMPULAN FIMA BERHAD","6491","MAIN","Yes","Diversified Industrials ","423.35m",1.5,"11.46","6","4.81"
"KUANTAN FLOUR MILLS BHD","8303","MAIN","Yes","Food & Beverages ","8.53m",0.13,"-","0","-"
"KELINGTON GROUP BERHAD","0151","MAIN","Yes","Industrial Engineering ","322.35m",1.23,"19.59","1.22","15.24"
"KHEE SAN BERHAD","6203","MAIN","Yes","Food & Beverages ","59.80m",0.58,"-","1.74","-"
"KHIND HOLDINGS BERHAD","7062","MAIN","Yes","Household Goods ","68.10m",1.7,"44.85","0.59","1.18"
"KIA LIM BERHAD","6211","MAIN","Yes","Building Materials ","13.63m",0.22,"-","0","-10.55"
"KIM HIN INDUSTRY BERHAD","5371","MAIN","Yes","Building Materials ","208.53m",1.34,"-","3.73","-0.98"
"KIMLUN CORPORATION BERHAD","5171","MAIN","Yes","Construction ","391.63m",1.18,"6.42","4.66","9.62"
"KKB ENGINEERING BERHAD","9466","MAIN","Yes","Industrial Engineering ","233.30m",0.91,"15.16","2.21","5.28"
"KLCC PROPERTY HOLDINGS BERHAD","5235SS","MAIN","Yes","Real Estate Investment Trusts ","13.955b",7.73,"15.74","4.68","6.78"
"KUALA LUMPUR KEPONG BERHAD","2445","MAIN","Yes","Plantation ","26.581b",24.9,"35.28","2.01","6.58"
"KNM GROUP BERHAD","7164","MAIN","Yes","Other Energy Resources ","331.72m",0.14,"-","0","-4.26"
"KNUSFORD BERHAD","5035","MAIN","Yes","Industrial Services ","61.78m",0.62,"-","0","-10.72"
"KOBAY TECHNOLOGY BERHAD","6971","MAIN","Yes","Industrial Materials, Components & Equipment ","152.12m",1.49,"11.54","0","8.33"
"KOMARKCORP BERHAD","7017","MAIN","Yes","Packaging Materials ","23.02m",0.14,"-","35.71","-42.14"
"KOSSAN RUBBER INDUSTRIES BERHAD","7153","MAIN","Yes","Health Care Equipment & Services ","5.435b",4.25,"28.52","2.59","15.36"
"KOTRA INDUSTRIES BERHAD","0002","MAIN","Yes","Pharmaceuticals ","228.05m",1.7,"14.48","2.94","10.21"
"KPJ HEALTHCARE BERHAD","5878","MAIN","Yes","Health Care Providers ","4.752b",1.1,"26.89","5.36","10.22"
"KUMPULAN POWERNET BERHAD","7130","MAIN","Yes","Personal Goods ","35.03m",0.46,"-","0","-20.34"
"KUMPULAN PERANGSANG SELANGOR BERHAD","5843","MAIN","Yes","Gas, Water & Multi-utilities ","763.09m",1.42,"14.31","2.99","3.83"
"KPS CONSORTIUM BERHAD","9121","MAIN","Yes","Wood & Wood Products ","78.35m",0.53,"5.17","0","5.97"
"KRETAM HOLDINGS BERHAD","1996","MAIN","Yes","Plantation ","896.14m",0.39,"-","2.6","-0.33"
"KSL HOLDINGS BERHAD","5038","MAIN","Yes","Property ","726.26m",0.7,"3.59","0","7.53"
"K.SENG SENG CORPORATION BERHAD","5192","MAIN","Yes","Industrial Materials, Components & Equipment ","33.12m",0.35,"7.79","5.8","5.34"
"K-STAR SPORTS LIMITED","5172","MAIN","Yes","Personal Goods ","34.29m",0.09,"-","0","-25.86"
"KONSORTIUM TRANSNASIONAL BERHAD","4847","MAIN","Yes","Travel, Leisure & Hospitality ","34.24m",0.09,"-","0","-20.19"
"KUB MALAYSIA BERHAD","6874","MAIN","Yes","Industrial Services ","147.46m",0.27,"5.21","3.77","8.63"
"KWANTAS CORPORATION BERHAD","6572","MAIN","Yes","Plantation ","317.91m",1.02,"-","0","-4.21"
"KYM HOLDINGS BERHAD","8362","MAIN","Yes","Packaging Materials ","47.22m",0.32,"-","0","-1.18"
"LAFARGE MALAYSIA BERHAD","3794","MAIN","Yes","Building Materials ","1.699b",2,"-","0","-13.19"
"LATITUDE TREE HOLDINGS BERHAD","7006","MAIN","Yes","Household Goods ","401.47m",4.13,"33.07","1.45","2.23"
"LAY HONG BERHAD","9385","MAIN","Yes","Agricultural Products ","280.62m",0.43,"7.88","1.18","10.78"
"LB ALUMINIUM BERHAD","9326","MAIN","Yes","Metals ","127.97m",0.52,"24.76","1.94","1.75"
"LBI CAPITAL BERHAD","8494","MAIN","Yes","Property ","59.98m",0.73,"12.17","4.11","3.66"
"LBS BINA GROUP BERHAD","5789","MAIN","Yes","Property ","1.084b",0.7,"11.53","11.8","7.01"
"LOTTE CHEMICAL TITAN HOLDING BERHAD","5284","MAIN","Yes","Chemicals ","11.100b",4.81,"9.62","4.78","9.49"
"LEBTECH BERHAD","9628","MAIN","Yes","Construction ","125.56m",0.92,"-","0","-0.63"
"LEE SWEE KIAT GROUP BERHAD","8079","MAIN","Yes","Household Goods ","176.21m",1.05,"20.15","1.43","17.37"
"LEWEKO RESOURCES BERHAD","8745","MAIN","Yes","Wood & Wood Products ","49.89m",0.16,"-","0","-4.37"
"LFE CORPORATION BERHAD","7170","MAIN","Yes","Industrial Engineering ","18.58m",0.1,"-","0","-24.42"
"LIEN HOE CORPORATION BERHAD","3573","MAIN","Yes","Property ","112.14m",0.31,"11.97","0","1.75"
"LII HEN INDUSTRIES BHD.","7089","MAIN","Yes","Household Goods ","576.00m",3.2,"10.31","7.19","19.21"
"LION FOREST INDUSTRIES BERHAD","8486","MAIN","Yes","Industrial Services ","104.21m",0.45,"5.42","0","3.46"
"LION INDUSTRIES CORPORATION BERHAD","4235","MAIN","Yes","Metals ","498.95m",0.7,"2.89","0","8.84"
"LINGKARAN TRANS KOTA HOLDINGS BERHAD","6645","MAIN","Yes","Transportation & Logistics Services ","2.107b",3.99,"9.21","6.27","25.98"
"LEADER STEEL HOLDINGS BERHAD","9881","MAIN","Yes","Metals ","38.41m",0.3,"4.81","0","5.57"
"LTKM BERHAD","7085","MAIN","Yes","Agricultural Products ","137.91m",1.06,"17.01","1.89","3.44"
"LUSTER INDUSTRIES BHD.","5068","MAIN","Yes","Industrial Materials, Components & Equipment ","177.84m",0.09,"36.00","0","3.12"
"LUXCHEM CORPORATION BERHAD","5143","MAIN","Yes","Chemicals ","500.60m",0.58,"12.95","6.9","14.00"
"MARINE & GENERAL BERHAD","5078","MAIN","Yes","Transportation & Logistics Services ","57.91m",0.08,"-","187.50","-144.18"
"MAGNA PRIMA BERHAD","7617","MAIN","Yes","Property ","304.77m",0.91,"25.42","0.00","2.00"
"MAGNI-TECH INDUSTRIES BERHAD","7087","MAIN","Yes","Personal Goods ","755.08m",4.64,"8.05","4.31","19.28"
"MAH SING GROUP BERHAD","8583","MAIN","Yes","Property ","2.476b",1.02,"8.42","6.37","8.54"
"MALAKOFF CORPORATION BERHAD","5264","MAIN","Yes","Electricity ","4.375b",0.88,"20.49","7.09","3.68"
"MALTON BERHAD","6181","MAIN","Yes","Property ","269.35m",0.51,"7.65","3.92","3.81"
"MALAYSIA STEEL WORKS (KL) BHD","5098","MAIN","Yes","Metals ","205.08m",0.48,"2.68","1.88","11.19"
"MASTER-PACK GROUP BERHAD","7029","MAIN","Yes","Packaging Materials ","34.68m",0.64,"7.12","2.36","6.28"
"MATRIX CONCEPTS HOLDINGS BERHAD","5236","MAIN","Yes","Property ","1.506b",2,"6.92","6.75","17.20"
"MAXIS BERHAD","6012","MAIN","Yes","Telecommunications Service Providers ","42.288b",5.41,"20.40","3.70","28.52"
"MINTYE BERHAD","5886","MAIN","Yes","Automotive ","50.46m",0.83,"26.52","3.61","1.69"
"MUAR BAN LEE GROUP BERHAD","5152","MAIN","Yes","Industrial Materials, Components & Equipment ","116.42m",1.14,"14.56","1.75","6.81"
"MBM RESOURCES BHD","5983","MAIN","Yes","Automotive ","734.87m",1.88,"-","1.60","-7.84"
"MB WORLD GROUP BERHAD","7189","MAIN","Yes","Property ","259.67m",1.65,"5.15","2.12","22.24"
"MCE HOLDINGS BERHAD","7004","MAIN","Yes","Auto Parts ","29.97m",0.68,"-","2.22","-2.12"
"MCT BERHAD","5182","MAIN","Yes","Property ","1.034b",0.71,"-","0.00","-"
"MEDA INC. BERHAD","5040","MAIN","Yes","Property ","192.10m",0.39,"-","0.00","-12.75"
"MEDIA CHINESE INTERNATIONAL LIMITED","5090","MAIN","Yes","Media ","345.88m",0.21,"-","8.83","-5.20"
"MELATI EHSAN HOLDINGS BERHAD","5129","MAIN","Yes","Construction ","74.40m",0.62,"30.85","1.61","1.14"
"MELEWAR INDUSTRIAL GROUP BERHAD","3778","MAIN","Yes","Metals ","50.32m",0.14,"-","0.00","-0.15"
"MENANG CORPORATION (M) BERHAD","1694","MAIN","Yes","Property ","199.53m",0.42,"14.61","0.00","4.30"
"MENTIGA CORPORATION BERHAD","5223","MAIN","Yes","Wood & Wood Products ","34.65m",0.5,"9.36","0.00","2.76"
"MERCURY INDUSTRIES BERHAD","8192","MAIN","Yes","Construction ","38.98m",0.97,"13.90","4.12","3.84"
"MERGE ENERGY BHD","5006","MAIN","Yes","Construction ","56.62m",0.85,"-","0.00","-18.25"
"MESB BERHAD","7234","MAIN","Yes","Personal Goods ","18.84m",0.23,"-","0.00","-"
"MEGA FIRST CORPORATION BERHAD","3069","MAIN","Yes","Electricity ","1.427b",3.42,"11.74","1.17","8.85"
"MGB BERHAD","7595","MAIN","Yes","Construction ","432.26m",0.87,"11.95","0.00","8.37"
"MALAYSIA MARINE AND HEAVY ENGINEERING HOLDINGS BERHAD","5186","MAIN","Yes","Energy Infrastructure, Equipment & Services ","1.016b",0.64,"-","4.72","-2.02"
"MHC PLANTATIONS BHD","5026","MAIN","Yes","Plantation ","124.81m",0.64,"9.22","3.15","5.47"
"MIECO CHIPBOARD BERHAD","5001","MAIN","Yes","Wood & Wood Products ","175.88m",0.34,"12.27","2.99","3.74"
"MILUX CORPORATION BERHAD","7935","MAIN","Yes","Household Goods ","35.91m",0.66,"-","0.00","-1.14"
"MINDA GLOBAL BERHAD","5166","MAIN","Yes","Consumer Services ","74.39m",0.06,"-","0.00","-8.00"
"MINETECH RESOURCES BERHAD","7219","MAIN","Yes","Building Materials ","52.89m",0.06,"-","0.00","-2.30"
"MINHO (M) BERHAD","5576","MAIN","Yes","Wood & Wood Products ","114.25m",0.52,"9.19","1.44","3.39"
"MISC BERHAD","3816","MAIN","Yes","Transportation & Logistics Services ","29.461b",6.6,"28.30","4.55","2.94"
"MITRAJAYA HOLDINGS BERHAD","9571","MAIN","Yes","Construction ","295.73m",0.33,"4.35","6.06","7.91"
"MAJUPERAK HOLDINGS BERHAD","8141","MAIN","Yes","Property ","60.41m",0.24,"-","0.00","-4.75"
"MKH BERHAD","6114","MAIN","Yes","Property ","733.19m",1.25,"10.48","4.00","4.54"
"MK LAND HOLDINGS BERHAD","8893","MAIN","Yes","Property ","217.31m",0.18,"8.87","0.00","2.05"
"MMC CORPORATION BERHAD","2194","MAIN","Yes","Transportation & Logistics Services ","3.228b",1.06,"19.13","3.77","1.77"
"MMS VENTURES BERHAD","0113","MAIN","Yes","Technology Equipment ","205.79m",1.01,"13.99","3.96","20.63"
"MALAYSIAN PACIFIC INDUSTRIES BERHAD","3867","MAIN","Yes","Semiconductors ","2.569b",12.24,"17.30","2.37","10.97"
"MALAYSIAN RESOURCES CORPORATION BERHAD","1651","MAIN","Yes","Property ","3.274b",0.75,"17.37","2.35","3.86"
"MSM MALAYSIA HOLDINGS BERHAD","5202","MAIN","Yes","Food & Beverages ","2.074b",2.95,"38.66","0.00","2.73"
"MESINIAGA BERHAD","5011","MAIN","Yes","Digital Services ","63.42m",1.05,"4.62","7.62","10.64"
"MTD ACPI ENGINEERING BERHAD","5924","MAIN","Yes","Construction ","39.38m",0.17,"5.86","0.00","8.06"
"METRONIC GLOBAL BERHAD","0043","MAIN","Yes","Industrial Services ","33.70m",0.04,"-","0.00","-"
"MUDA HOLDINGS BERHAD","3883","MAIN","Yes","Packaging Materials ","567.39m",1.86,"8.91","1.88","6.46"
"MUDAJAYA GROUP BERHAD","5085","MAIN","Yes","Construction ","220.98m",0.37,"-","0.00","-31.94"
"MULTI-USAGE HOLDINGS BERHAD","9539","MAIN","Yes","Property ","25.39m",0.45,"-","0.00","-8.93"
"MUHIBBAH ENGINEERING (M) BHD","5703","MAIN","Yes","Construction ","1.426b",2.95,"10.67","2.37","12.63"
"MUI PROPERTIES BERHAD","3913","MAIN","Yes","Property ","179.55m",0.24,"61.84","0.00","1.12"
"MYCRON STEEL BERHAD","5087","MAIN","Yes","Metals ","94.99m",0.34,"5.90","0.00","4.12"
"MY E.G. SERVICES BERHAD","0138","MAIN","Yes","Digital Services ","4.147b",1.15,"-","1.48","-"
"NAIM HOLDINGS BERHAD","5073","MAIN","Yes","Property ","120.00m",0.48,"-","0","-13.47"
"NATIONWIDE EXPRESS HOLDINGS BERHAD","9806","MAIN","Yes","Transportation & Logistics Services ","35.74m",0.29,"-","0","-0.24"
"NESTLE (MALAYSIA) BERHAD","4707","MAIN","Yes","Food & Beverages ","34.659b",147.8,"51.84","1.86","94.41"
"NEXTGREEN GLOBAL BERHAD","7241","MAIN","Yes","Industrial Services ","268.14m",0.59,"-","0","-1.44"
"NEW HOONG FATT HOLDINGS BERHAD","7060","MAIN","Yes","Automotive ","223.22m",2.7,"13.39","4.07","3.89"
"NICHE CAPITAL EMAS HOLDINGS BERHAD","7139","MAIN","Yes","Personal Goods ","14.99m",0.05,"16.07","0","4.67"
"NI HSIN RESOURCES BERHAD","7215","MAIN","Yes","Household Goods ","93.24m",0.29,"-","0","-1.43"
"NOTION VTEC BERHAD","83","MAIN","Yes","Technology Equipment ","234.87m",0.71,"32.49","4.26","1.99"
"NPC RESOURCES BERHAD","5047","MAIN","Yes","Plantation ","213.60m",1.78,"-","0.56","-3.50"
"NTPM HOLDINGS BERHAD","5066","MAIN","Yes","Household Goods ","617.76m",0.55,"25.58","4.36","5.24"
"NWP HOLDINGS BERHAD","5025","MAIN","Yes","Wood & Wood Products ","31.38m",0.08,"-","0","-52.76"
"NYLEX (MALAYSIA) BERHAD","4944","MAIN","Yes","Chemicals ","127.29m",0.66,"6.20","3.05","5.68"
"OCB BERHAD","5533","MAIN","Yes","Food & Beverages ","36.00m",0.35,"-","0","-11.11"
"OCK GROUP BERHAD","172","MAIN","Yes","Telecommunications Service Providers ","409.59m",0.47,"17.67","2.13","5.66"
"OCR GROUP BERHAD","7071","MAIN","Yes","Construction ","93.59m",0.32,"-","0","-"
"ORIENTAL FOOD INDUSTRIES HOLDINGS BERHAD","7107","MAIN","Yes","Food & Beverages ","178.80m",0.75,"16.16","3.36","5.91"
"ORIENTAL INTEREST BERHAD","5827","MAIN","Yes","Property ","322.11m",2.08,"8.49","3.37","9.60"
"OKA CORPORATION BHD","7140","MAIN","Yes","Building Materials ","165.23m",1.01,"7.30","5.45","13.18"
"OMESTI BERHAD","9008","MAIN","Yes","Digital Services ","185.07m",0.41,"-","0","-80.61"
"ORNAPAPER BERHAD","5065","MAIN","Yes","Packaging Materials ","83.53m",1.11,"6.41","4.5","8.09"
"P.A. RESOURCES BERHAD","7225","MAIN","Yes","Metals ","130.93m",0.07,"-","0","-15.94"
"PADINI HOLDINGS BERHAD","7052","MAIN","Yes","Retailers ","3.691b",5.61,"20.71","2.05","27.36"
"PANPAGES BERHAD","41","MAIN","Yes","Software ","65.04m",0.25,"-","0","-"
"PANSAR BERHAD","8419","MAIN","Yes","Building Materials ","249.48m",0.81,"27.55","1.85","4.90"
"PANTECH GROUP HOLDINGS BERHAD","5125","MAIN","Yes","Metals ","351.49m",0.47,"7.61","5.32","8.03"
"PAOS HOLDINGS BERHAD","5022","MAIN","Yes","Household Goods ","64.31m",0.36,"78.89","2.25","0.82"
"PARAGON UNION BERHAD","9407","MAIN","Yes","Household Goods ","24.50m",0.35,"-","0","-4.15"
"PARAMOUNT CORPORATION BERHAD","1724","MAIN","Yes","Property ","903.65m",2.11,"5.66","7.58","15.10"
"PARKSON HOLDINGS BERHAD","5657","MAIN","Yes","Retailers ","388.34m",0.36,"-","0","-4.55"
"PASDEC HOLDINGS BERHAD","6912","MAIN","Yes","Property ","158.15m",0.4,"395.00","0","0.09"
"PBA HOLDINGS BHD","5041","MAIN","Yes","Gas, Water & Multi-utilities ","414.09m",1.25,"9.18","3.2","5.36"
"PCCS GROUP BERHAD","6068","MAIN","Yes","Personal Goods ","42.01m",0.2,"5.83","5","5.59"
"PETRONAS CHEMICALS GROUP BERHAD","5183","MAIN","Yes","Chemicals ","74.480b",9.31,"15.85","2.9","16.05"
"PDZ HOLDINGS BHD","6254","MAIN","Yes","Transportation & Logistics Services ","27.28m",0.04,"-","0","-22.78"
"PECCA GROUP BERHAD","5271","MAIN","Yes","Auto Parts ","145.70m",0.78,"14.27","6.45","6.25"
"PELIKAN INTERNATIONAL CORPORATION BERHAD","5231","MAIN","Yes","Consumer Services ","237.92m",0.43,"11.44","0","4.42"
"PETRA ENERGY BERHAD","5133","MAIN","Yes","Energy Infrastructure, Equipment & Services ","176.96m",0.55,"-","0","-20.64"
"PENSONIC HOLDINGS BERHAD","9997","MAIN","Yes","Household Goods ","57.05m",0.44,"-","4.55","-3.30"
"PENTAMASTER CORPORATION BERHAD","7160","MAIN","Yes","Technology Equipment ","1.086b",3.43,"22.33","0","14.41"
"PERDANA PETROLEUM BERHAD","7108","MAIN","Yes","Energy Infrastructure, Equipment & Services ","237.43m",0.31,"-","0","-26.38"
"PERMAJU INDUSTRIES BERHAD","7080","MAIN","Yes","Automotive ","75.43m",0.39,"-","0","-3.90"
"PERUSAHAAN SADUR TIMAH MALAYSIA (PERSTIMA) BHD","5436","MAIN","Yes","Metals ","495.53m",4.99,"12.19","6.01","10.69"
"PESONA METRO HOLDINGS BERHAD","8311","MAIN","Yes","Construction ","159.84m",0.23,"11.73","4.35","7.40"
"PESTECH INTERNATIONAL BERHAD","5219","MAIN","Yes","Industrial Engineering ","1.032b",1.35,"17.05","0","11.46"
"PETRONAS DAGANGAN BHD","5681","MAIN","Yes","Retailers ","26.982b",27.16,"17.15","3.57","26.70"
"PETRONAS GAS BERHAD","6033","MAIN","Yes","Gas, Water & Multi-utilities ","37.200b",18.8,"19.61","3.51","14.77"
"PETRON MALAYSIA REFINING & MARKETING BHD","3042","MAIN","Yes","Oil & Gas Producers ","2.033b",7.53,"5.81","3.32","20.64"
"PHARMANIAGA BERHAD","7081","MAIN","Yes","Pharmaceuticals ","804.96m",3.09,"13.48","6.15","11.41"
"PEGASUS HEIGHTS BERHAD","4464","MAIN","Yes","Property ","43.72m",0.03,"-","0","-7.38"
"PROGRESSIVE IMPACT CORPORATION BERHAD","7201","MAIN","Yes","Industrial Services ","72.38m",0.11,"29.73","1.36","3.08"
"P.I.E. INDUSTRIAL BERHAD","7095","MAIN","Yes","Industrial Materials, Components & Equipment ","668.23m",1.74,"14.48","3.45","11.23"
"PINEHILL PACIFIC BERHAD","1902","MAIN","Yes","Plantation ","63.67m",0.43,"-","0","-29.07"
"PJBUMI BERHAD","7163","MAIN","Yes","Industrial Services ","8.20m",0.1,"-","0","-12.19"
"PLS PLANTATIONS BERHAD","9695","MAIN","Yes","Plantation ","294.03m",0.9,"-","0","-3.45"
"PMB TECHNOLOGY BERHAD","7172","MAIN","Yes","Metals ","646.38m",4,"65.47","1","2.69"
"PAN MALAYSIA CORPORATION BERHAD","4081","MAIN","Yes","Travel, Leisure & Hospitality ","112.14m",0.15,"-","0","-0.98"
"PRESS METAL ALUMINIUM HOLDINGS BERHAD","8869","MAIN","Yes","Metals ","19.742b",5,"32.07","1.2","21.65"
"PAN MALAYSIA HOLDINGS BERHAD","1287","MAIN","Yes","Travel, Leisure & Hospitality ","92.89m",0.1,"-","0","-2.30"
"PNE PCB BERHAD","6637","MAIN","Yes","Industrial Materials, Components & Equipment ","67.72m",0.52,"-","0","-"
"POH KONG HOLDINGS BERHAD","5080","MAIN","Yes","Retailers ","190.81m",0.47,"8.16","2.15","4.45"
"POH HUAT RESOURCES HOLDINGS BERHAD","7088","MAIN","Yes","Household Goods ","366.18m",1.57,"8.30","5.1","13.92"
"POLY GLASS FIBRE (M) BERHAD","8117","MAIN","Yes","Building Materials ","66.39m",0.42,"14.72","0","2.75"
"POS MALAYSIA BERHAD","4634","MAIN","Yes","Transportation & Logistics Services ","2.505b",3.2,"40.20","2.5","3.20"
"PPB GROUP BERHAD","4065","MAIN","Yes","Food & Beverages ","24.270b",17.06,"19.39","1.76","5.06"
"PELANGI PUBLISHING GROUP BHD.","7190","MAIN","Yes","Media ","37.02m",0.37,"45.68","5.41","0.78"
"PUBLIC PACKAGES HOLDINGS BHD","8273","MAIN","Yes","Packaging Materials ","96.20m",0.51,"6.23","0","7.31"
"PRESTARIANG BERHAD","5204","MAIN","Yes","Digital Services ","280.72m",0.58,"17.63","4.74","9.56"
"PRESTAR RESOURCES BERHAD","9873","MAIN","Yes","Metals ","125.97m",0.62,"4.86","8.13","8.85"
"PRG HOLDINGS BERHAD","7168","MAIN","Yes","Personal Goods ","238.77m",0.77,"220.00","0","0.77"
"PERAK CORPORATION BERHAD","8346","MAIN","Yes","Transportation & Logistics Services ","50.00m",0.5,"-","0","-56.65"
"PROLEXUS BERHAD","8966","MAIN","Yes","Personal Goods ","108.21m",0.6,"13.02","0.83","3.60"
"PROTASCO BERHAD","5070","MAIN","Yes","Construction ","173.39m",0.35,"10.94","15.71","4.26"
"PRINSIPTEK CORPORATION BERHAD","7145","MAIN","Yes","Construction ","41.84m",0.12,"-","0","-"
"PINTARAS JAYA BHD","9598","MAIN","Yes","Construction ","403.05m",2.43,"26.70","8.23","4.64"
"PUNCAK NIAGA HOLDINGS BERHAD","6807","MAIN","Yes","Construction ","213.41m",0.48,"-","1.05","-9.60"
"PWF CONSOLIDATED BERHAD","7134","MAIN","Yes","Agricultural Products ","132.20m",0.76,"10.01","4.61","4.29"
"PRICEWORTH INTERNATIONAL BERHAD","7123","MAIN","Yes","Wood & Wood Products ","184.27m",0.05,"13.24","0","0.97"
"POWER ROOT BERHAD","7237","MAIN","Yes","Food & Beverages ","563.12m",1.4,"35.71","6.79","5.94"
"QL RESOURCES BERHAD","7084","MAIN","Yes","Agricultural Products ","11.714b",7.22,"56.36","0.62","11.14"
"QUALITY CONCRETE HOLDINGS BERHAD","7544","MAIN","Yes","Building Materials ","46.37m",0.8,"-","0","-9.33"
"RALCO CORPORATION BERHAD","7498","MAIN","Yes","Chemicals ","13.85m",0.3,"-","0","-32.05"
"RANHILL HOLDINGS BERHAD","5272","MAIN","Yes","Gas, Water & Multi-utilities ","1.048b",1.18,"14.46","4.24","12.55"
"REACH ENERGY BERHAD","5256","MAIN","Yes","Oil & Gas Producers ","427.60m",0.39,"-","0","-10.09"
"RESINTECH BERHAD","7232","MAIN","Yes","Building Materials ","38.42m",0.28,"24.35","4.29","1.19"
"REX INDUSTRY BERHAD","9946","MAIN","Yes","Food & Beverages ","98.65m",0.4,"-","5","-12.47"
"ROHAS TECNIC BERHAD","9741","MAIN","Yes","Industrial Engineering ","420.67m",0.89,"13.07","2.81","9.20"
"RIMBUNAN SAWIT BERHAD","5113","MAIN","Yes","Plantation ","241.14m",0.17,"-","0","-24.89"
"RUBBEREX CORPORATION (M) BERHAD","7803","MAIN","Yes","Industrial Materials, Components & Equipment ","131.15m",0.52,"9.85","3.37","4.80"
"RIVERVIEW RUBBER ESTATES BERHAD","2542","MAIN","Yes","Plantation ","214.01m",3.3,"21.17","1.21","3.79"
"SOUTHERN ACIDS (M) BERHAD","5134","MAIN","Yes","Chemicals ","516.24m",3.77,"16.28","1.33","5.39"
"SALCON BERHAD","8567","MAIN","Yes","Gas, Water & Multi-utilities ","207.54m",0.25,"-","4.08","-3.43"
"SALUTICA BERHAD","183","MAIN","Yes","Personal Goods ","217.28m",0.56,"19.11","4.29","6.80"
"SAM ENGINEERING & EQUIPMENT (M) BERHAD","9822","MAIN","Yes","Industrial Materials, Components & Equipment ","1.135b",8.4,"15.98","2.78","14.29"
"SANBUMI HOLDINGS BERHAD","9113","MAIN","Yes","Travel, Leisure & Hospitality ","76.97m",0.34,"-","0","-6.33"
"SAPURA INDUSTRIAL BERHAD","7811","MAIN","Yes","Auto Parts ","55.31m",0.76,"8.15","5.26","6.43"
"SAPURA ENERGY BERHAD","5218","MAIN","Yes","Energy Infrastructure, Equipment & Services ","2.157b",0.36,"-","2.78","-29.80"
"SAPURA RESOURCES BERHAD","4596","MAIN","Yes","Property ","100.51m",0.72,"8.15","0","2.68"
"SASBADI HOLDINGS BERHAD","5252","MAIN","Yes","Media ","100.58m",0.24,"50.00","4.17","1.30"
"SAUDEE GROUP BERHAD","5157","MAIN","Yes","Food & Beverages ","48.99m",0.37,"-","0","-4.63"
"SBC CORPORATION BERHAD","5207","MAIN","Yes","Property ","117.42m",0.5,"185.19","0","0.17"
"SARAWAK CABLE BERHAD","5170","MAIN","Yes","Industrial Materials, Components & Equipment ","110.97m",0.35,"-","0","-17.49"
"SCGM BHD","7247","MAIN","Yes","Packaging Materials ","249.74m",1.29,"21.04","4.65","7.14"
"SARAWAK CONSOLIDATED INDUSTRIES BERHAD","9237","MAIN","Yes","Building Materials ","48.95m",0.57,"-","0","-11.85"
"SCICOM (MSC) BERHAD","99","MAIN","Yes","Industrial Services ","604.27m",1.7,"18.76","5.29","30.20"
"SCIENTEX BERHAD","4731","MAIN","Yes","Packaging Materials ","4.420b",9.04,"15.25","2.21","16.42"
"SCANWOLF CORPORATION BERHAD","7239","MAIN","Yes","Building Materials ","18.28m",0.19,"33.93","0","1.17"
"SCOMI GROUP BERHAD","7158","MAIN","Yes","Energy Infrastructure, Equipment & Services ","60.16m",0.06,"-","0","-78.60"
"SCOMI ENERGY SERVICES BHD","7045","MAIN","Yes","Energy Infrastructure, Equipment & Services ","93.67m",0.04,"-","0","-36.95"
"SEACERA GROUP BERHAD","7073","MAIN","Yes","Building Materials ","87.60m",0.21,"-","0","0.00"
"SEAL INCORPORATED BERHAD","4286","MAIN","Yes","Property ","81.39m",0.34,"5.42","0","5.47"
"SEALINK INTERNATIONAL BERHAD","5145","MAIN","Yes","Transportation Equipment ","65.00m",0.13,"-","0","-9.75"
"SEE HUP CONSOLIDATED BERHAD","7053","MAIN","Yes","Transportation & Logistics Services ","80.43m",1,"-","2.7","0.00"
"SERBA DINAMIK HOLDINGS BERHAD","5279","MAIN","Yes","Energy Infrastructure, Equipment & Services ","5.742b",3.91,"16.70","1.74","17.61"
"SERN KOU RESOURCES BERHAD","7180","MAIN","Yes","Household Goods ","129.60m",0.54,"14.48","0","11.66"
"SPRING GALLERY BERHAD","7165","MAIN","Yes","Building Materials ","145.98m",0.74,"-","0","-5.55"
"SIN HENG CHAN (MALAYA) BERHAD","4316","MAIN","Yes","Plantation ","52.75m",0.4,"-","0","-2.12"
"SHH RESOURCES HOLDINGS BERHAD","7412","MAIN","Yes","Household Goods ","33.50m",0.67,"-","7.46","-12.65"
"SHL CONSOLIDATED BHD","6017","MAIN","Yes","Property ","566.57m",2.34,"8.12","6.84","8.86"
"SIG GASES BERHAD","5181","MAIN","Yes","Industrial Services ","158.44m",0.85,"38.94","0.95","3.19"
"SIGNATURE INTERNATIONAL BERHAD","7246","MAIN","Yes","Household Goods ","100.93m",0.42,"15.56","3.57","3.60"
"SIME DARBY BERHAD","4197","MAIN","Yes","Automotive ","16.390b",2.41,"8.54","3.32","13.37"
"SIME DARBY PLANTATION BERHAD","5285","MAIN","Yes","Plantation ","35.976b",5.29,"20.83","1.23","12.63"
"SIME DARBY PROPERTY BERHAD","5288","MAIN","Yes","Property ","6.767b",1,"10.57","5.03","6.58"
"SINOTOP HOLDINGS BERHAD","8532","MAIN","Yes","Personal Goods ","134.27m",0.34,"-","4.44","-"
"SKB SHUTTERS CORPORATION BERHAD","7115","MAIN","Yes","Building Materials ","20.80m",0.52,"10.53","0","2.48"
"SKP RESOURCES BHD","7155","MAIN","Yes","Industrial Materials, Components & Equipment ","1.575b",1.26,"13.18","4.02","20.34"
"SLP RESOURCES BERHAD","7248","MAIN","Yes","Packaging Materials ","367.67m",1.16,"18.74","3.88","10.98"
"SINMAH CAPITAL BERHAD","9776","MAIN","Yes","Agricultural Products ","29.93m",0.14,"1.82","0","4.73"
"SOUTH MALAYSIA INDUSTRIES BERHAD","4375","MAIN","Yes","Property ","40.94m",0.2,"-","0","-1.70"
"SMIS CORPORATION BERHAD","7132","MAIN","Yes","Auto Parts ","17.92m",0.4,"-","0","-7.65"
"SAND NISKO CAPITAL BERHAD","7943","MAIN","Yes","Household Goods ","19.47m",0.3,"-","0","-16.54"
"SOLID AUTOMOTIVE BERHAD","5242","MAIN","Yes","Automotive ","119.54m",0.31,"54.46","0.66","1.56"
"SARAWAK OIL PALMS BERHAD","5126","MAIN","Yes","Plantation ","1.461b",2.56,"10.42","2.34","6.53"
"SPRITZER BHD","7103","MAIN","Yes","Food & Beverages ","457.78m",2.18,"15.90","2.52","7.61"
"S P SETIA BERHAD","8664","MAIN","Yes","Property ","8.468b",2.14,"9.97","7.24","6.99"
"STAR MEDIA GROUP BERHAD","6084","MAIN","Yes","Media ","587.16m",0.8,"6.68","52.83","10.44"
"STONE MASTER CORPORATION BERHAD","7143","MAIN","Yes","Building Materials ","16.18m",0.18,"-","0","-1018.33"
"SUBUR TIASA HOLDINGS BERHAD","6904","MAIN","Yes","Wood & Wood Products ","159.89m",0.77,"-","0","-2.91"
"SUCCESS TRANSFORMER CORPORATION BERHAD","7207","MAIN","Yes","Industrial Materials, Components & Equipment ","144.13m",0.58,"19.66","11.21","2.11"
"SUIWAH CORPORATION BERHAD","9865","MAIN","Yes","Retailers ","127.49m",2.09,"10.77","0.48","5.88"
"SUMATEC RESOURCES BERHAD","1201","MAIN","Yes","Oil & Gas Producers ","106.32m",0.03,"-","0","-13.98"
"SUNWAY CONSTRUCTION GROUP BERHAD","5263","MAIN","Yes","Construction ","2.082b",1.61,"14.88","4.35","25.16"
"SUNSURIA BERHAD","3743","MAIN","Yes","Property ","627.08m",0.79,"5.86","0","12.63"
"SUNWAY BERHAD","5211","MAIN","Yes","Diversified Industrials ","7.288b",1.48,"11.11","4.05","8.07"
"SUPERLON HOLDINGS BERHAD","7235","MAIN","Yes","Building Materials ","204.80m",1.28,"17.70","2.73","9.56"
"SUPERMAX CORPORATION BERHAD","7106","MAIN","Yes","Health Care Equipment & Services ","2.619b",3.85,"22.75","2.08","10.85"
"SURIA CAPITAL HOLDINGS BERHAD","6521","MAIN","Yes","Transportation & Logistics Services ","469.74m",1.63,"7.50","2.15","5.79"
"SARAWAK PLANTATION BERHAD","5135","MAIN","Yes","Plantation ","462.00m",1.65,"-","3.03","-5.80"
"SWS CAPITAL BERHAD","7186","MAIN","Yes","Household Goods ","134.93m",0.74,"-","0","-1.05"
"SYCAL VENTURES BERHAD","9717","MAIN","Yes","Construction ","99.92m",0.24,"54.55","0","0.66"
"SYF RESOURCES BERHAD","7082","MAIN","Yes","Household Goods ","151.71m",0.25,"-","6.12","-4.33"
"SYMPHONY LIFE BERHAD","1538","MAIN","Yes","Property ","212.50m",0.36,"6.03","8.33","2.52"
"SHIN YANG SHIPPING CORPORATION BERHAD","5173","MAIN","Yes","Transportation & Logistics Services ","336.00m",0.28,"13.79","0","2.07"
"T7 GLOBAL BERHAD","7228","MAIN","Yes","Energy Infrastructure, Equipment & Services ","151.00m",0.36,"22.50","0","4.71"
"TA ANN HOLDINGS BERHAD","5012","MAIN","Yes","Plantation ","929.72m",2.09,"13.91","2.39","4.88"
"TADMAX RESOURCES BERHAD","4022","MAIN","Yes","Property ","180.27m",0.23,"-","0","-0.49"
"TAFI INDUSTRIES BERHAD","7211","MAIN","Yes","Household Goods ","25.60m",0.32,"-","0","-8.80"
"SYARIKAT TAKAFUL MALAYSIA KELUARGA BERHAD","6139","MAIN","Yes","Insurance ","3.107b",3.77,"11.92","3.98","25.50"
"TALAM TRANSFORM BERHAD","2259","MAIN","Yes","Property ","126.61m",0.03,"-","0","-6.02"
"TALIWORKS CORPORATION BERHAD","8524","MAIN","Yes","Gas, Water & Multi-utilities ","1.713b",0.85,"41.26","9.41","2.42"
"TAMBUN INDAH LAND BERHAD","5191","MAIN","Yes","Property ","355.37m",0.82,"5.41","9.39","11.15"
"TANCO HOLDINGS BERHAD","2429","MAIN","Yes","Property ","43.64m",0.07,"-","0","-0.08"
"TAS OFFSHORE BERHAD","5149","MAIN","Yes","Transportation Equipment ","45.00m",0.25,"-","0","-0.29"
"TASCO BERHAD","5140","MAIN","Yes","Transportation & Logistics Services ","234.00m",1.17,"11.14","3.85","5.77"
"TASEK CORPORATION BERHAD","4448","MAIN","Yes","Building Materials ","692.28m",5.6,"-","7.14","-3.80"
"TATT GIAP GROUP BERHAD","5178","MAIN","Yes","Metals ","40.09m",0.24,"-","0","-43.42"
"TAN CHONG MOTOR HOLDINGS BERHAD","4405","MAIN","Yes","Automotive ","981.12m",1.46,"-","1.37","-0.47"
"TECK GUAN PERDANA BERHAD","7439","MAIN","Yes","Agricultural Products ","36.49m",0.91,"-","0","-0.79"
"TEK SENG HOLDINGS BERHAD","7200","MAIN","Yes","Household Goods ","104.44m",0.3,"-","6.67","-7.39"
"TENAGA NASIONAL BHD","5347","MAIN","Yes","Electricity ","84.378b",14.86,"-","4.1","-"
"TEO SENG CAPITAL BERHAD","7252","MAIN","Yes","Agricultural Products ","247.50m",0.83,"9.56","0.61","9.92"
"TEO GUAN LEE CORPORATION BERHAD","9369","MAIN","Yes","Personal Goods ","40.74m",1,"8.61","5","5.53"
"THONG GUAN INDUSTRIES BERHAD","7034","MAIN","Yes","Packaging Materials ","338.32m",2.48,"9.74","3.23","7.21"
"THETA EDGE BERHAD","9075","MAIN","Yes","Digital Services ","32.71m",0.31,"6.50","0","7.69"
"TH HEAVY ENGINEERING BERHAD","7206","MAIN","Yes","Energy Infrastructure, Equipment & Services ","44.85m",0.04,"-","0","-"
"TH PLANTATIONS BERHAD","5112","MAIN","Yes","Plantation ","521.47m",0.59,"23.98","6.1","1.65"
"THRIVEN GLOBAL BERHAD","7889","MAIN","Yes","Property ","116.85m",0.24,"7.89","0","6.62"
"TIGER SYNERGY BERHAD","7079","MAIN","Yes","Property ","65.44m",0.1,"-","0","-0.95"
"TIME DOTCOM BERHAD","5031","MAIN","Yes","Telecommunications Service Providers ","4.558b",7.81,"21.27","2.2","9.09"
"TIMBERWELL BERHAD","7854","MAIN","Yes","Wood & Wood Products ","57.44m",0.65,"14.37","1.55","9.41"
"TITIJAYA LAND BERHAD","5239","MAIN","Yes","Property ","457.10m",0.34,"6.27","0.74","5.89"
"TELEKOM MALAYSIA BERHAD","4863","MAIN","Yes","Telecommunications Service Providers ","8.493b",2.26,"11.36","9.51","9.75"
"TRANSOCEAN HOLDINGS BHD","7218","MAIN","Yes","Transportation & Logistics Services ","18.45m",0.45,"-","0","-4.98"
"TONG HERR RESOURCES BERHAD","5010","MAIN","Yes","Metals ","640.74m",4.07,"10.24","8.85","14.15"
"TOP GLOVE CORPORATION BHD","7113","MAIN","Yes","Health Care Equipment & Services ","14.800b",5.78,"34.14","2.08","8.96"
"TOYO INK GROUP BERHAD","7173","MAIN","Yes","Chemicals ","86.14m",0.81,"23.00","1.24","3.10"
"TPC PLUS BERHAD","7176","MAIN","Yes","Agricultural Products ","88.84m",0.38,"-","0","-"
"TRC SYNERGY BERHAD","5054","MAIN","Yes","Construction ","249.86m",0.52,"13.10","5.38","4.78"
"TRIVE PROPERTY GROUP BERHAD","118","MAIN","Yes","Technology Equipment ","42.66m",0.02,"-","0","-"
"TROPICANA CORPORATION BERHAD","5401","MAIN","Yes","Property ","1.316b",0.9,"6.94","1.79","5.58"
"TSH RESOURCES BERHAD","9059","MAIN","Yes","Plantation ","1.423b",1.03,"19.18","1.94","5.79"
"TSR CAPITAL BERHAD","5042","MAIN","Yes","Construction ","67.16m",0.39,"-","0","-"
"TURIYA BERHAD","4359","MAIN","Yes","Semiconductors ","28.59m",0.13,"5.81","0","3.98"
"UCHI TECHNOLOGIES BERHAD","7100","MAIN","Yes","Industrial Materials, Components & Equipment ","1.352b",3,"19.67","8.33","25.85"
"UEM SUNRISE BERHAD","5148","MAIN","Yes","Property ","3.653b",0.81,"10.05","1.24","5.17"
"UNITED U-LI CORPORATION BERHAD","7133","MAIN","Yes","Industrial Materials, Components & Equipment ","132.86m",0.61,"15.93","0.82","2.91"
"UNITED MALACCA BERHAD","2593","MAIN","Yes","Plantation ","1.164b",5.55,"50.55","2.16","1.51"
"UMS HOLDINGS BERHAD","7137","MAIN","Yes","Industrial Materials, Components & Equipment ","95.62m",2.35,"16.91","4.26","3.55"
"UMS-NEIKEN GROUP BERHAD","7227","MAIN","Yes","Industrial Materials, Components & Equipment ","84.80m",1.06,"13.45","2.83","6.62"
"UMW HOLDINGS BERHAD","4588","MAIN","Yes","Automotive ","5.830b",4.99,"-","1","-8.29"
"UNIMECH GROUP BERHAD","7091","MAIN","Yes","Industrial Materials, Components & Equipment ","161.94m",1.02,"12.55","2.94","4.23"
"UNISEM (M) BERHAD","5005","MAIN","Yes","Semiconductors ","2.370b",3.23,"22.71","3.41","7.16"
"UOA DEVELOPMENT BHD","5200","MAIN","Yes","Property ","4.040b",2.19,"9.34","6.85","9.65"
"UPA CORPORATION BHD","7757","MAIN","Yes","Consumer Services ","183.04m",2.3,"18.11","7.83","3.90"
"UNITED PLANTATIONS BERHAD","2089","MAIN","Yes","Plantation ","5.561b",26.72,"-","5.61","-"
"UTUSAN MELAYU (MALAYSIA) BERHAD","5754","MAIN","Yes","Media ","18.82m",0.17,"1.06","0","20.33"
"UZMA BERHAD","7250","MAIN","Yes","Energy Infrastructure, Equipment & Services ","339.23m",1.06,"-","0","-"
"VELESTO ENERGY BERHAD","5243","MAIN","Yes","Energy Infrastructure, Equipment & Services ","2.177b",0.27,"-","0","-36.4"
"VERSATILE CREATIVE BERHAD","4995","MAIN","Yes","Packaging Materials ","62.60m",0.49,"-","0","-21.71"
"VERTICE BERHAD","7240","MAIN","Yes","Retailers ","157.00m",0.84,"-","0","-2.52"
"VITROX CORPORATION BERHAD","97","MAIN","Yes","Semiconductors ","3.586b",7.62,"37.06","0.59","24.62"
"VIZIONE HOLDINGS BERHAD","7070","MAIN","Yes","Construction ","519.66m",0.93,"12.77","0","60.17"
"V.S. INDUSTRY BERHAD","6963","MAIN","Yes","Industrial Materials, Components & Equipment ","2.934b",1.65,"19.46","3.58","10.1"
"WAH SEONG CORPORATION BERHAD","5142","MAIN","Yes","Energy Infrastructure, Equipment & Services ","666.40m",0.86,"4.54","0.58","15.54"
"WATTA HOLDING BERHAD","7226","MAIN","Yes","Auto Parts ","40.55m",0.48,"-","0","-"
"WCE HOLDINGS BERHAD","3565","MAIN","Yes","Construction ","631.72m",0.63,"44.37","0","2.01"
"WCT HOLDINGS BERHAD","9679","MAIN","Yes","Construction ","1.154b",0.82,"6.33","3.68","5.80"
"WEIDA (M) BHD","7111","MAIN","Yes","Chemicals ","317.33m",2.38,"13.24","1.26","5.21"
"WELLCALL HOLDINGS BERHAD","7231","MAIN","Yes","Industrial Materials, Components & Equipment ","612.48m",1.23,"19.34","6.26","30.43"
"WILLOWGLEN MSC BERHAD","8","MAIN","Yes","Software ","248.00m",0.5,"17.30","4","9.63"
"WONG ENGINEERING CORPORATION BERHAD","7050","MAIN","Yes","Industrial Materials, Components & Equipment ","80.23m",0.88,"7.89","2.29","15.84"
"WOODLANDOR HOLDINGS BHD","7025","MAIN","Yes","Wood & Wood Products ","26.00m",0.65,"-","0","-0.70"
"WESTPORTS HOLDINGS BERHAD","5246","MAIN","Yes","Transportation & Logistics Services ","12.719b",3.73,"21.24","3.84","27.14"
"WHITE HORSE BERHAD","5009","MAIN","Yes","Building Materials ","384.00m",1.6,"-","4.38","-1.25"
"WTK HOLDINGS BERHAD","4243","MAIN","Yes","Wood & Wood Products ","216.61m",0.45,"-","2.22","-10.93"
"WZ SATU BERHAD","7245","MAIN","Yes","Metals ","113.97m",0.25,"-","8.16","-34.81"
"XIAN LENG HOLDINGS BERHAD","7121","MAIN","Yes","Consumer Services ","38.77m",0.49,"115.48","0","0.67"
"XIN HWA HOLDINGS BERHAD","5267","MAIN","Yes","Transportation & Logistics Services ","142.56m",0.66,"16.92","1.52","5.74"
"Y&G CORPORATION BHD","7003","MAIN","Yes","Property ","185.43m",0.93,"25.34","0","2.58"
"YEE LEE CORPORATION BHD","5584","MAIN","Yes","Food & Beverages ","392.79m",2.05,"9.21","2.2","6.89"
"YI-LAI BERHAD","5048","MAIN","Yes","Building Materials ","107.20m",0.67,"-","0","-1.88"
"YINSON HOLDINGS BERHAD","7293","MAIN","Yes","Energy Infrastructure, Equipment & Services ","4.853b",4.44,"17.19","2.25","14.93"
"YKGI HOLDINGS BERHAD","7020","MAIN","Yes","Metals ","54.36m",0.16,"-","0","-0.10"
"YLI HOLDINGS BERHAD","7014","MAIN","Yes","Metals ","28.83m",0.28,"-","1.79","-7.07"
"YOONG ONN CORPORATION BERHAD","5159","MAIN","Yes","Household Goods ","168.00m",1.05,"6.71","3.81","11.75"
"YONG TAI BERHAD","7066","MAIN","Yes","Property ","313.24m",0.65,"20.22","0","2.77"
"Y.S.P.SOUTHEAST ASIA HOLDING BERHAD","7178","MAIN","Yes","Pharmaceuticals ","424.50m",3.07,"16.62","2.28","8.51"
"ZECON BERHAD","7028","MAIN","Yes","Construction ","33.41m",0.26,"2.63","0","4.52"
"ZELAN BERHAD","2283","MAIN","Yes","Construction ","42.24m",0.05,"-","0","-133"
"ZHULIAN CORPORATION BERHAD","5131","MAIN","Yes","Consumer Services ","602.60m",1.31,"12.13","5.73","8.48"
