companyname,ticker
7-ELEVEN MALAYSIA HOLDINGS BERHAD,KLSE:SEM
A & M REALTY BERHAD,KLSE:A&M
A-RANK BERHAD,KLSE:ARANK
ABLEGROUP BERHAD,KLSE:ABLEGRP
ABM FUJIYA BERHAD,KLSE:AFUJIYA
ACME HOLDINGS BERHAD,KLSE:ACME
ACOUSTECH BERHAD,KLSE:ACOSTEC
ADVANCE SYNERGY BERHAD,KLSE:ASB
ADVANCED PACKAGING TECHNOLOGY (M) BHD,KLSE:ADVPKG
ADVENTA BERHAD,KLSE:ADVENTA
AE MULTI HOLDINGS BERHAD,KLSE:AEM
AEON CO. (M) BHD,KLSE:AEON
AEON CREDIT SERVICE (M) BERHAD,KLSE:AEONCR
AFFIN HOLDINGS BERHAD,KLSE:AFFIN
AHB HOLDINGS BERHAD,KLSE:AMBANK
AHMAD ZAKI RESOURCES BERHAD,KLSE:AZRB
AIRASIA BERHAD,KLSE:AIRASIA
AIRASIA X BERHAD,KLSE:AAX
AJINOMOTO (MALAYSIA) BERHAD,KLSE:AJI
AJIYA BERHAD,KLSE:AJIYA
AL-`AQAR HEALTHCARE REIT,KLSE:5116
AL-SALAM REAL ESTATE INVESTMENT TRUST,KLSE:5269
ALAM MARITIM RESOURCES BERHAD,KLSE:ALAM
ALLIANCE FINANCIAL GROUP BERHAD,KLSE:AFG
ALLIANZ MALAYSIA BERHAD,KLSE:ALLIANZ
ALUMINIUM COMPANY OF MALAYSIA BERHAD,KLSE:ALCOM
AMALGAMATED INDUSTRIAL STEEL BERHAD,KLSE:AISB
AMANAH HARTA TANAH PNB,KLSE:4952
AMANAHRAYA REAL ESTATE INVESTMENT TRUST,KLSE:5127
AMCORP PROPERTIES BERHAD,KLSE:AMPROP
AMFIRST REAL ESTATE INVESTMENT TRUST,KLSE:5176
AMMB HOLDINGS BERHAD,KLSE:AMBANK
AMTEK HOLDINGS BERHAD,KLSE:AMTEK
AMTEL HOLDINGS BERHAD,KLSE:AMTEL
AMWAY (MALAYSIA) HOLDINGS BERHAD,KLSE:AMWAY
ANALABS RESOURCES BERHAD,KLSE:ANNJOO
ANCOM BERHAD,KLSE:ANCOM
ANN JOO RESOURCES BERHAD,KLSE:ANNJOO
ANZO HOLDINGS BERHAD,KLSE:ANZO
APB RESOURCES BERHAD,KLSE:APB
APEX EQUITY HOLDINGS BERHAD,KLSE:APEX
APEX HEALTHCARE BERHAD,KLSE:AHEALTH
APFT BERHAD,KLSE:APFT
APM AUTOMOTIVE HOLDINGS BERHAD,KLSE:APM
APOLLO FOOD HOLDINGS BERHAD,KLSE:APOLLO
ARK RESOURCES BERHAD,KLSE:ARK
ASIA BRANDS BERHAD,KLSE:ASIABRN
ASIA FILE CORPORATION BHD,KLSE:ASIAFLE
ASIA KNIGHT BERHAD,KLSE:AKNIGHT
ASIA MEDIA GROUP BERHAD,KLSE:AMEDIA
ASIAMET EDUCATION GROUP BERHAD,KLSE:AEGB
ASIAN PAC HOLDINGS BERHAD,KLSE:ASIAPAC
ASTINO BERHAD,KLSE:ASTINO
ASTRAL ASIA BERHAD,KLSE:AASIA
ASTRO MALAYSIA HOLDINGS BERHAD,KLSE:ASTRO
ATLAN HOLDINGS BHD.,KLSE:ATLAN
ATRIUM REAL ESTATE INVESTMENT TRUST,KLSE:5130
ATTA GLOBAL GROUP BERHAD,KLSE:ATTA
ATURMAJU RESOURCES BERHAD,KLSE:ATURMJU
AWC BERHAD,KLSE:AWC
AXIATA GROUP BERHAD,KLSE:AXIATA
AXIS REAL ESTATE INVESTMENT TRUST,KLSE:5106
AYS VENTURES BERHAD,KLSE:AYS
B.I.G. INDUSTRIES BERHAD,KLSE:BIG
BARAKAH OFFSHORE PETROLEUM BERHAD,KLSE:BARAKAH
BATU KAWAN BERHAD,KLSE:BKAWAN
BCB BERHAD,KLSE:BCB
BENALEC HOLDINGS BERHAD,KLSE:BENALEC
BERJAYA ASSETS BERHAD,KLSE:BJASSET
BERJAYA CORPORATION BERHAD,KLSE:BJCORP
BERJAYA FOOD BERHAD,KLSE:BJCORP
BERJAYA LAND BERHAD,KLSE:BJLAND
BERJAYA MEDIA BERHAD,KLSE:BJMEDIA
BERJAYA SPORTS TOTO BERHAD,KLSE:BJTOTO
BERMAZ AUTO BERHAD,KLSE:BAUTO
BERTAM ALLIANCE BERHAD,KLSE:BERTAM
BHS INDUSTRIES BERHAD,KLSE:BHS
BIMB HOLDINGS BERHAD,KLSE:BIMB
BINA DARULAMAN BERHAD,KLSE:BDB
BINA PURI HOLDINGS BHD,KLSE:BPURI
BINTAI KINDEN CORPORATION BERHAD,KLSE:BINTAI
BINTULU PORT HOLDINGS BERHAD,KLSE:BIPORT
BIO OSMO BERHAD,KLSE:BIOOSMO
BISON CONSOLIDATED BERHAD,KLSE:BISON
BLD PLANTATION BHD.,KLSE:BLDPLNT
BOILERMECH HOLDINGS BERHAD,KLSE:BOILERM
BONIA CORPORATION BERHAD,KLSE:BONIA
BOON KOON GROUP BERHAD,KLSE:BKOON
BORNEO OIL BERHAD,KLSE:BORNOIL
BOUSTEAD HEAVY INDUSTRIES CORPORATION BHD,KLSE:BHIC
BOUSTEAD HOLDINGS BERHAD,KLSE:BSTEAD
BOUSTEAD PLANTATIONS BERHAD,KLSE:BPLANT
BOX-PAK (MALAYSIA) BERHAD,KLSE:BOXPAK
BP PLASTICS HOLDING BHD,KLSE:BPPLAS
BRAHIM'S HOLDINGS BERHAD,KLSE:BRAHIMS
BREM HOLDING BERHAD,KLSE:BREM
BRIGHT PACKAGING INDUSTRY BERHAD,KLSE:BRIGHT
BRITISH AMERICAN TOBACCO (MALAYSIA) BERHAD,KLSE:BAT
BSL CORPORATION BERHAD,KLSE:BSLCORP
BTM RESOURCES BERHAD,KLSE:BTM
BUMI ARMADA BERHAD,KLSE:ARMADA
BURSA MALAYSIA BERHAD,KLSE:BURSA
C.I. HOLDINGS BERHAD,KLSE:CIHLDG
CAB CAKARAN CORPORATION BERHAD,KLSE:CAB
CAELY HOLDINGS BHD,KLSE:CAELY
CAHYA MATA SARAWAK BERHAD,KLSE:CMSB
CAM RESOURCES BERHAD,KLSE:CAMRES
CAN-ONE BERHAD,KLSE:CANONE
CAPITALAND MALAYSIA MALL TRUST,KLSE:5180
CARIMIN PETROLEUM BERHAD,KLSE:CARIMIN
CARING PHARMACY GROUP BERHAD,KLSE:CARING
CARLSBERG BREWERY MALAYSIA BERHAD,KLSE:CARLSBG
CB INDUSTRIAL PRODUCT HOLDING BERHAD,KLSE:CBIP
CCK CONSOLIDATED HOLDINGS BERHAD,KLSE:CCK
CCM DUOPHARMA BIOTECH BERHAD,KLSE:CCMDBIO
CENSOF HOLDINGS BERHAD,KLSE:CENSOF
CENTRAL INDUSTRIAL CORPORATION BERHAD,KLSE:CICB
CENTURY LOGISTICS HOLDINGS BERHAD,KLSE:CENTURY
CEPATWAWASAN GROUP BERHAD,KLSE:CEPAT
CHEE WAH CORPORATION BERHAD,KLSE:CHEEWAH
CHEETAH HOLDINGS BERHAD,KLSE:CHEETAH
CHEMICAL COMPANY OF MALAYSIA BERHAD,KLSE:CCM
CHIN HIN GROUP BERHAD,KLSE:CHINHIN
CHIN TECK PLANTATIONS BERHAD,KLSE:CHINTEK
CHIN WELL HOLDINGS BERHAD,KLSE:CHINWEL
CHINA AUTOMOBILE PARTS HOLDINGS LIMITED,KLSE:CAP
CHINA OUHUA WINERY HOLDINGS LIMITED,KLSE:CNOUHUA
CHINA STATIONERY LIMITED,KLSE:CSL
CHOO BEE METAL INDUSTRIES BHD,KLSE:CHOOBEE
CHUAN HUAT RESOURCES BHD,KLSE:SKPRES
CIMB GROUP HOLDINGS BERHAD,KLSE:CIMB
CLASSIC SCENIC BERHAD,KLSE:CSCENIC
CLIQ ENERGY BERHAD,KLSE:CLIQ
CME GROUP BERHAD,KLSE:CME
CN ASIA CORPORATION BHD,KLSE:CNASIA
CNI HOLDINGS BERHAD,KLSE:CNI
COASTAL CONTRACTS BHD,KLSE:COASTAL
COCOALAND HOLDINGS BERHAD,KLSE:COCOLND
COMFORT GLOVES BERHAD,KLSE:COMFORT
COMINTEL CORPORATION BHD,KLSE:COMCORP
COMPLETE LOGISTIC SERVICES BERHAD,KLSE:COMPLET
COMPUGATES HOLDINGS BERHAD,KLSE:COMPUGT
COMPUTER FORMS (MALAYSIA) BERHAD,KLSE:CFM
CONCRETE ENGINEERING PRODUCTS BERHAD,KLSE:CEPCO
COUNTRY HEIGHTS HOLDINGS BHD,KLSE:CHHB
COUNTRY VIEW BERHAD,KLSE:CVIEW
CRESCENDO CORPORATION BERHAD,KLSE:CRESNDO
CREST BUILDER HOLDINGS BERHAD,KLSE:CRESBLD
CSC STEEL HOLDINGS BERHAD,KLSE:CSCSTEL
CUSCAPI BERHAD,KLSE:CUSCAPI
CYCLE & CARRIAGE BINTANG BERHAD,KLSE:CCB
CYL CORPORATION BERHAD,KLSE:CYL
CYMAO HOLDINGS BERHAD,KLSE:CYMAO
CYPARK RESOURCES BERHAD,KLSE:CYPARK
D&O GREEN TECHNOLOGIES BERHAD,KLSE:D&O
D.B.E. GURNEY RESOURCES BERHAD,KLSE:DBE
DAGANG NEXCHANGE BERHAD,KLSE:DNEX
DAIBOCHI PLASTIC AND PACKAGING INDUSTRY BERHAD,KLSE:DAIBOCI
DAIMAN DEVELOPMENT BHD,KLSE:DAIMAN
DAMANSARA REALTY BHD,KLSE:DBHD
DANCOMECH HOLDINGS BERHAD,KLSE:DANCO
DATAPREP HOLDINGS BHD,KLSE:DATAPRP
DATASONIC GROUP BERHAD,KLSE:DSONIC
DAYA MATERIALS BERHAD,KLSE:DAYA
DAYANG ENTERPRISE HOLDINGS BERHAD,KLSE:DAYANG
DEGEM BERHAD,KLSE:DEGEM
DELEUM BERHAD,KLSE:DELEUM
DENKO INDUSTRIAL CORPORATION BERHAD,KLSE:DENKO
DESTINI BERHAD,KLSE:DESTINI
DIALOG GROUP BERHAD,KLSE:DIALOG
DIGI.COM BERHAD,KLSE:DIGI
DIGISTAR CORPORATION BERHAD,KLSE:DIGISTA
DKLS INDUSTRIES BHD,KLSE:DLADY
DKSH HOLDINGS (MALAYSIA) BERHAD,KLSE:DKSH
D'NONCE TECHNOLOGY BHD,KLSE:DNONCE
DOLOMITE CORPORATION BERHAD,KLSE:DOLMITE
DOLPHIN INTERNATIONAL BERHAD,KLSE:DOLPHIN
DOMINANT ENTERPRISE BERHAD,KLSE:DOMINAN
DPS RESOURCES BERHAD,KLSE:DPS
DRB-HICOM BERHAD,KLSE:DRBHCOM
DUFU TECHNOLOGY CORP. BERHAD,KLSE:DUFU
DUTALAND BERHAD,KLSE:DUTALND
DUTCH LADY MILK INDUSTRIES BERHAD,KLSE:DLADY
E.A.TECHNIQUE (M) BERHAD,KLSE:EATECH
EASTERN & ORIENTAL BERHAD,KLSE:E&O
EASTLAND EQUITY BHD,KLSE:EASTLND
ECM LIBRA FINANCIAL GROUP BERHAD,KLSE:ECM
ECO WORLD DEVELOPMENT GROUP BERHAD,KLSE:ECOWLD
ECO WORLD INTERNATIONAL BERHAD,KLSE:EWINT
ECOFIRST CONSOLIDATED BHD,KLSE:ECOFIRS
ECONPILE HOLDINGS BERHAD,KLSE:ECONBHD
ECS ICT BERHAD,KLSE:ECS
EDARAN BERHAD,KLSE:EDARAN
EDEN INC. BERHAD,KLSE:EDEN
EFFICIENT E-SOLUTIONS BERHAD,KLSE:EFFICEN
EG INDUSTRIES BERHAD,KLSE:EG
EITA RESOURCES BERHAD,KLSE:EITA
EKA NOODLES BERHAD,KLSE:EKA
EKOVEST BERHAD,KLSE:EKOVEST
EKOWOOD INTERNATIONAL BERHAD,KLSE:EKOWOOD
E.A.TECHNIQUE (M) BERHAD,KLSE:EATECH
ELK-DESA RESOURCES BERHAD,KLSE:ELKDESA
ELSOFT RESEARCH BERHAD,KLSE:ELSOFT
EKOWOOD INTERNATIONAL BERHAD,KLSE:EKOWOOD
ENCORP BERHAD,KLSE:ENCORP
ENG KAH CORPORATION BERHAD,KLSE:ENGKAH
E.A.TECHNIQUE (M) BERHAD,KLSE:EATECH
ENRA GROUP BERHAD,KLSE:ENRA
EKOWOOD INTERNATIONAL BERHAD,KLSE:EKOWOOD
EP MANUFACTURING BHD,KLSE:EPMB
ESTHETICS INTERNATIONAL GROUP BERHAD,KLSE:EIG
EUPE CORPORATION BERHAD,KLSE:EUPE
EURO HOLDINGS BERHAD,KLSE:EURO
EKSONS CORPORATION BERHAD,KLSE:EKSONS
EVERGREEN FIBREBOARD BERHAD,KLSE:EVERGRN
EVERSENDAI CORPORATION BERHAD,KLSE:SENDAI
EWEIN BERHAD,KLSE:EWEIN
EXCEL FORCE MSC BERHAD,KLSE:EFORCE
FACB INDUSTRIES INCORPORATED BERHAD,KLSE:FACBIND
FAJARBARU BUILDER GROUP BHD,KLSE:FAJAR
FAR EAST HOLDINGS BERHAD,KLSE:FAREAST
EMICO HOLDINGS BERHAD,KLSE:EMICO
ENGTEX GROUP BERHAD,KLSE:ENGTEX
FAVELLE FAVCO BERHAD,KLSE:FAVCO
EONMETALL GROUP BERHAD,KLSE:EMETALL
FEDERAL FURNITURE HOLDINGS (M) BERHAD,KLSE:FFHB
FELDA GLOBAL VENTURES HOLDINGS BERHAD,KLSE:FGV
EUROSPAN HOLDINGS BERHAD,KLSE:EUROSP
FIBON BERHAD,KLSE:FIBON
FARLIM GROUP (MALAYSIA) BHD,KLSE:FARLIM
FITTERS DIVERSIFIED BERHAD,KLSE:FITTERS
FOCUS LUMBER BERHAD,KLSE:FLBHD
FORMOSA PROSONIC INDUSTRIES BERHAD,KLSE:FPI
FOUNDPAC GROUP BERHAD,KLSE:FPGROUP
FARM'S BEST BERHAD,KLSE:FARMBES
FREIGHT MANAGEMENT HOLDINGS BERHAD,KLSE:FREIGHT
FCW HOLDINGS BERHAD,KLSE:FCW
FSBM HOLDINGS BERHAD,KLSE:GADANG
GABUNGAN AQRS BERHAD,KLSE:GBGAQRS
GADANG HOLDINGS BHD,KLSE:GADANG
GAMUDA BERHAD,KLSE:GAMUDA
GAS MALAYSIA BERHAD,KLSE:GASMSIA
GD EXPRESS CARRIER BERHAD,KLSE:GDEX
GE-SHEN CORPORATION BERHAD,KLSE:GESHEN
FIAMMA HOLDINGS BERHAD,KLSE:FIAMMA
GENTING MALAYSIA BERHAD,KLSE:GENM
GENTING PLANTATIONS BERHAD,KLSE:GENTING
GEORGE KENT (MALAYSIA) BERHAD,KLSE:GKENT
GHL SYSTEMS BERHAD,KLSE:GHLSYS
GLOBAL ORIENTAL BERHAD,KLSE:GOB
GLOBALTEC FORMATION BERHAD,KLSE:GLOTEC
GLOBETRONICS TECHNOLOGY BERHAD,KLSE:GTRONIC
GLOMAC BERHAD,KLSE:GLOMAC
GOH BAN HUAT BERHAD,KLSE:GBH
GOLDEN LAND BERHAD,KLSE:GLBHD
GOLDEN PHAROS BERHAD,KLSE:GPHAROS
GOLDIS BERHAD,KLSE:GOLDIS
GOODWAY INTEGRATED INDUSTRIES BERHAD,KLSE:GOODWAY
GOPENG BERHAD,KLSE:GOPENG
GPA HOLDINGS BERHAD,KLSE:GPA
GRAND CENTRAL ENTERPRISES BHD,KLSE:GCE
GRAND HOOVER BERHAD,KLSE:HOOVER
GRAND-FLO BERHAD,KLSE:GRANFLO
GREEN PACKET BERHAD,KLSE:GPACKET
GREENYIELD BERHAD,KLSE:GREENYB
GROMUTUAL BERHAD,KLSE:GMUTUAL
GSB GROUP BERHAD,KLSE:GSB
GUAN CHONG BERHAD,KLSE:GCB
GUH HOLDINGS BERHAD,KLSE:HARTA
GUNUNG CAPITAL BERHAD,KLSE:GUNUNG
FIMA CORPORATION BERHAD,KLSE:FIMACOR
HAI-O ENTERPRISE BERHAD,KLSE:HAIO
FRASER & NEAVE HOLDINGS BHD,KLSE:F&N
HANDAL RESOURCES BERHAD,KLSE:HANDAL
HAP SENG CONSOLIDATED BERHAD,KLSE:HAPSENG
HAP SENG PLANTATIONS HOLDINGS BERHAD,KLSE:HSPLANT
HARBOUR-LINK GROUP BERHAD,KLSE:HARBOUR
HARN LEN CORPORATION BHD,KLSE:HARNLEN
HARRISONS HOLDINGS (MALAYSIA) BERHAD,KLSE:HARISON
HARTALEGA HOLDINGS BERHAD,KLSE:HARTA
HB GLOBAL LIMITED,KLSE:HBGLOB
HCK CAPITAL GROUP BERHAD,KLSE:HCK
HEINEKEN MALAYSIA BERHAD,KLSE:HEIM
HEITECH PADU BERHAD,KLSE:HTPADU
FRONTKEN CORPORATION BERHAD,KLSE:FRONTKN
HENGYUAN REFINING COMPANY BERHAD,KLSE:HENGYUAN
HEVEABOARD BERHAD,KLSE:HEVEA
GENTING BERHAD,KLSE:GENTING
HIAP TECK VENTURE BERHAD,KLSE:HIAPTEK
HIBISCUS PETROLEUM BERHAD,KLSE:HIBISCS
HIL INDUSTRIES BERHAD,KLSE:HIL
GUOCOLAND (MALAYSIA) BERHAD,KLSE:GUOCO
HO WAH GENTING BERHAD,KLSE:HWGB
HOCK HENG STONE INDUSTRIES BHD,KLSE:HOKHENG
HALEX HOLDINGS BERHAD,KLSE:HALEX
HEKTAR REAL ESTATE INVESTMENT TRUST,KLSE:5121
HONG LEONG BANK BERHAD,KLSE:HLBANK
HEXZA CORPORATION BERHAD,KLSE:HEXZA
HONG LEONG FINANCIAL GROUP BERHAD,KLSE:HLFG
HONG LEONG INDUSTRIES BERHAD,KLSE:HLIND
HOVID BERHAD,KLSE:HOVID
HUA YANG BERHAD,KLSE:HUAYANG
HUBLINE BERHAD,KLSE:HUBLINE
HUME INDUSTRIES BERHAD,KLSE:HUMEIND
HUP SENG INDUSTRIES BERHAD,KLSE:HUPSENG
HWA TAI INDUSTRIES BERHAD,KLSE:HWATAI
HWANG CAPITAL (MALAYSIA) BERHAD,KLSE:HWANG
I-BERHAD,KLSE:IBHD
IBRACO BERHAD,KLSE:IBRACO
ICAPITAL.BIZ BERHAD,KLSE:ICAP
ICON OFFSHORE BERHAD,KLSE:ICON
IDEAL UNITED BINTANG BERHAD,KLSE:IDEALUBB
IGB CORPORATION BERHAD,KLSE:IGB
IGB REAL ESTATE INVESTMENT TRUST,KLSE:5227
IHH HEALTHCARE BERHAD,KLSE:IHH
IJM CORPORATION BERHAD,KLSE:IJM
IJM PLANTATIONS BERHAD,KLSE:IJMPLNT
IKHMAS JAYA GROUP BERHAD,KLSE:IKHMAS
IMASPRO CORPORATION BERHAD,KLSE:IOICORP
INARI AMERTRON BERHAD,KLSE:INARI
HO HUP CONSTRUCTION COMPANY BHD,KLSE:HOHUP
INDUSTRONICS BERHAD,KLSE:ITRONIC
INNOPRISE PLANTATIONS BERHAD,KLSE:INNO
INSAS BERHAD,KLSE:INSAS
INTEGRATED LOGISTICS BHD,KLSE:ILB
HOCK SENG LEE BERHAD,KLSE:HSL
HOMERITZ CORPORATION BERHAD,KLSE:HOMERIZ
IPMUDA BERHAD,KLSE:IPMUDA
IQ GROUP HOLDINGS BERHAD,KLSE:IQGROUP
IRE-TEX CORPORATION BERHAD,KLSE:IRETEX
IREKA CORPORATION BERHAD,KLSE:IREKA
ISKANDAR WATERFRONT CITY BERHAD,KLSE:IWCITY
IVORY PROPERTIES GROUP BERHAD,KLSE:IVORY
JADI IMAGING HOLDINGS BERHAD,KLSE:JADI
JAKS RESOURCES BERHAD,KLSE:JAKS
JASA KITA BERHAD,KLSE:JASKITA
JAVA BERHAD,KLSE:JAVA
JAYA TIASA HOLDINGS BHD,KLSE:JTIASA
JAYCORP BERHAD,KLSE:JAYCORP
JCBNEXT BERHAD,KLSE:JCBNEXT
JCY INTERNATIONAL BERHAD,KLSE:JCY
JERASIA CAPITAL BERHAD,KLSE:JERASIA
JIANKUN INTERNATIONAL BERHAD,KLSE:JIANKUN
JKG LAND BERHAD,KLSE:JKGLAND
JMR CONGLOMERATION BERHAD,KLSE:JMR
HONG LEONG CAPITAL BERHAD,KLSE:HLCAP
JOHORE TIN BERHAD,KLSE:JOHOTIN
K-STAR SPORTS LIMITED,KLSE:KSTAR
K.SENG SENG CORPORATION BERHAD,KLSE:KSSC
KAMDAR GROUP (M) BERHAD,KLSE:KAMDAR
INCH KENNETH KAJANG RUBBER PUBLIC LTD CO,KLSE:INCKEN
KAREX BERHAD,KLSE:KAREX
IOI CORPORATION BERHAD,KLSE:IOICORP
KAWAN FOOD BERHAD,KLSE:KAWAN
KBES BERHAD,KLSE:KBES
KECK SENG (MALAYSIA) BERHAD,KLSE:KSENG
KEIN HING INTERNATIONAL BERHAD,KLSE:KEINHIN
KELINGTON GROUP BERHAD,KLSE:KGB
KEN HOLDINGS BERHAD,KLSE:KEN
IOI PROPERTIES GROUP BERHAD,KLSE:IOIPG
KERJAYA PROSPEK GROUP BERHAD,KLSE:KERJAYA
KESM INDUSTRIES BERHAD,KLSE:KESM
KEY ASIC BERHAD,KLSE:KEYASIC
JOHAN HOLDINGS BERHAD,KLSE:JOHAN
KHIND HOLDINGS BERHAD,KLSE:5235SS
KIA LIM BERHAD,KLSE:KIALIM
KIAN JOO CAN FACTORY BERHAD,KLSE:KIANJOO
KIM HIN INDUSTRY BERHAD,KLSE:KIMHIN
KIM LOONG RESOURCES BERHAD,KLSE:KMLOONG
KIMLUN CORPORATION BERHAD,KLSE:KIMLUN
KINSTEEL BHD,KLSE:KINSTEL
KIP REAL ESTATE INVESTMENT TRUST,KLSE:5280
KKB ENGINEERING BERHAD,KLSE:KKB
KARAMBUNAI CORP BHD,KLSE:KBUNAI
KLUANG RUBBER COMPANY (MALAYA) BERHAD,KLSE:KLUANG
KNM GROUP BERHAD,KLSE:KNM
KNUSFORD BERHAD,KLSE:KNUSFOR
KARYON INDUSTRIES BERHAD,KLSE:KARYON
KOMARKCORP BERHAD,KLSE:KOMARK
KONSORTIUM TRANSNASIONAL BERHAD,KLSE:KTB
KOSSAN RUBBER INDUSTRIES BERHAD,KLSE:KOSSAN
KENANGA INVESTMENT BANK BERHAD,skipped
KPJ HEALTHCARE BERHAD,KLSE:KPJ
KPS CONSORTIUM BERHAD,KLSE:KPSCB
KHEE SAN BERHAD,KLSE:KHEESAN
KSL HOLDINGS BERHAD,KLSE:KSL
KUALA LUMPUR KEPONG BERHAD,KLSE:KLK
KUANTAN FLOUR MILLS BHD,KLSE:MFLOUR
KUB MALAYSIA BERHAD,KLSE:KUB
KUCHAI DEVELOPMENT BERHAD,KLSE:KUCHAI
KUMPULAN FIMA BERHAD,KLSE:KFIMA
KLCC PROP&REITS-STAPLED SEC,KLSE:5235SS
KOBAY TECHNOLOGY BERHAD,KLSE:KOBAY
KUMPULAN PERANGSANG SELANGOR BERHAD,KLSE:KPS
KUMPULAN POWERNET BERHAD,KLSE:KPOWER
KWANTAS CORPORATION BERHAD,KLSE:KWANTAS
KOTRA INDUSTRIES BERHAD,KLSE:KOTRA
LAFARGE MALAYSIA BERHAD,KLSE:LAFMSIA
LAND & GENERAL BERHAD,KLSE:L&G
LANDMARKS BERHAD,KLSE:LANDMRK
LATITUDE TREE HOLDINGS BERHAD,KLSE:LATITUD
LAY HONG BERHAD,KLSE:LAYHONG
LB ALUMINIUM BERHAD,KLSE:LBALUM
LBI CAPITAL BERHAD,KLSE:LPI
LBS BINA GROUP BERHAD,KLSE:LBS
KRETAM HOLDINGS BERHAD,KLSE:KRETAM
LEADER STEEL HOLDINGS BERHAD,KLSE:LSTEEL
LEBTECH BERHAD,KLSE:LEBTECH
LEE SWEE KIAT GROUP BERHAD,KLSE:LEESK
LEON FUAT BERHAD,KLSE:LEONFB
KUMPULAN H & L HIGH-TECH BERHAD,KLSE:HIGHTEC
LFE CORPORATION BERHAD,KLSE:LFECORP
LIEN HOE CORPORATION BERHAD,KLSE:LIENHOE
LII HEN INDUSTRIES BHD.,KLSE:LIIHEN
LINGKARAN TRANS KOTA HOLDINGS BERHAD,KLSE:LITRAK
LION DIVERSIFIED HOLDINGS BERHAD,KLSE:LIONDIV
LION FOREST INDUSTRIES BERHAD,KLSE:LIONFIB
LION INDUSTRIES CORPORATION BERHAD,KLSE:LIONIND
LONDON BISCUITS BERHAD,KLSE:LONBISC
LPI CAPITAL BHD,KLSE:LPI
LTKM BERHAD,KLSE:LTKM
LUSTER INDUSTRIES BHD.,KLSE:LUSTER
LUXCHEM CORPORATION BERHAD,KLSE:LUXCHEM
LYSAGHT GALVANIZED STEEL BERHAD,KLSE:LYSAGHT
M-MODE BERHAD,KLSE:MMODE
KUMPULAN JETSON BERHAD,KLSE:JETSON
MAGNA PRIMA BERHAD,KLSE:MAGNA
MAGNI-TECH INDUSTRIES BERHAD,KLSE:MAGNI
MAGNUM BERHAD,KLSE:MAGNUM
MAH SING GROUP BERHAD,KLSE:MAHSING
KYM HOLDINGS BERHAD,KLSE:KYM
MALAKOFF CORPORATION BERHAD,KLSE:MALAKOF
MALAYAN BANKING BERHAD,KLSE:MAYBANK
MALAYAN FLOUR MILLS BERHAD,KLSE:MFLOUR
MALAYAN UNITED INDUSTRIES BERHAD,KLSE:MUIIND
MALAYSIA AIRPORTS HOLDINGS BERHAD,KLSE:AIRPORT
MALAYSIA BUILDING SOCIETY BERHAD,KLSE:MBSB
LCTH CORPORATION BERHAD,KLSE:LCTH
MALAYSIA PACIFIC CORPORATION BERHAD,KLSE:MPCORP
MALAYSIA SMELTING CORPORATION BERHAD,KLSE:MSC
MALAYSIA STEEL WORKS (KL) BHD,KLSE:MASTEEL
MALAYSIAN BULK CARRIERS BERHAD,KLSE:MAYBULK
MALAYSIAN PACIFIC INDUSTRIES BERHAD,KLSE:MPI
MALAYSIAN RESOURCES CORPORATION BERHAD,KLSE:MRCB
LEWEKO RESOURCES BERHAD,KLSE:LEWEKO
MALTON BERHAD,KLSE:MALTON
MANULIFE HOLDINGS BERHAD,KLSE:MANULFE
MARCO HOLDINGS BERHAD,KLSE:MARCO
MASTER-PACK GROUP BERHAD,KLSE:MASTER
MATRIX CONCEPTS HOLDINGS BERHAD,KLSE:MATRIX
MAXIS BERHAD,KLSE:MAXIS
MAA GROUP BERHAD,KLSE:MAA
MB WORLD GROUP BERHAD,KLSE:MBWORLD
MBM RESOURCES BHD,KLSE:MBMR
MCE HOLDINGS BERHAD,KLSE:MCEHLDG
MCT BERHAD,KLSE:MCT
MEDA INC. BERHAD,KLSE:MEDAINC
MEDIA CHINESE INTERNATIONAL LIMITED,KLSE:MEDIAC
MEDIA PRIMA BERHAD,KLSE:MEDIA
MEGA FIRST CORPORATION BERHAD,KLSE:MFCB
MELATI EHSAN HOLDINGS BERHAD,KLSE:MELATI
MELEWAR INDUSTRIAL GROUP BERHAD,KLSE:MELEWAR
MENANG CORPORATION (M) BERHAD,KLSE:MENANG
MAJUPERAK HOLDINGS BERHAD,KLSE:MJPERAK
MERCURY INDUSTRIES BERHAD,KLSE:MERCURY
MERGE ENERGY BHD,KLSE:MERGE
MESB BERHAD,KLSE:MESB
MESINIAGA BERHAD,KLSE:MSNIAGA
MALAYSIA MARINE AND HEAVY ENGINEERING HOLDINGS BERHAD,KLSE:MHB
METRONIC GLOBAL BERHAD,KLSE:MTRONIC
MALPAC HOLDINGS BERHAD,KLSE:MALPAC
MIECO CHIPBOARD BERHAD,KLSE:MIECO
MILUX CORPORATION BERHAD,KLSE:MMCCORP
MAXWELL INTERNATIONAL HOLDINGS BERHAD,KLSE:MAXWELL
MENTIGA CORPORATION BERHAD,KLSE:MENTIGA
MINTYE BERHAD,KLSE:MBG
MISC BERHAD,KLSE:MISC
METROD HOLDINGS BERHAD,KLSE:METROD
MK LAND HOLDINGS BERHAD,KLSE:MKLAND
MKH BERHAD,KLSE:MKH
ML GLOBAL BERHAD,KLSE:MLGLOBAL
MMC CORPORATION BERHAD,KLSE:MMCCORP
MNRB HOLDINGS BERHAD,KLSE:MNRB
MPHB CAPITAL BERHAD,KLSE:MPHBCAP
MRCB-QUILL REIT,KLSE:5123
MSM MALAYSIA HOLDINGS BERHAD,KLSE:MSM
MTD ACPI ENGINEERING BERHAD,KLSE:MTDACPI
MUAR BAN LEE GROUP BERHAD,KLSE:MBL
MUDA HOLDINGS BERHAD,KLSE:MUDA
MUDAJAYA GROUP BERHAD,KLSE:MUDAJYA
MUHIBBAH ENGINEERING (M) BHD,KLSE:MUHIBAH
MUI PROPERTIES BERHAD,KLSE:MUIPROP
MULPHA INTERNATIONAL BERHAD,KLSE:MULPHA
MULTI SPORTS HOLDINGS LTD,KLSE:MSPORTS
MULTI-USAGE HOLDINGS BERHAD,KLSE:MUH
MWE HOLDINGS BERHAD,KLSE:ORIENT
MY E.G. SERVICES BERHAD,KLSE:MYEG
MYCRON STEEL BERHAD,KLSE:MYCRON
NAIM HOLDINGS BERHAD,KLSE:NAIM
NAIM INDAH CORPORATION BERHAD,KLSE:NICORP
NAKAMICHI CORPORATION BERHAD,KLSE:NAKA
MHC PLANTATIONS BHD,KLSE:MHC
NEGRI SEMBILAN OIL PALMS BERHAD,KLSE:NSOP
MINETECH RESOURCES BERHAD,KLSE:MINETEC
NEW HOONG FATT HOLDINGS BERHAD,KLSE:NHFATT
NI HSIN RESOURCES BERHAD,KLSE:NIHSIN
NICHE CAPITAL EMAS HOLDINGS BERHAD,KLSE:NICE
NOTION VTEC BERHAD,KLSE:NOTION
NPC RESOURCES BERHAD,KLSE:NPC
MINHO (M) BERHAD,KLSE:MINHO
MITRAJAYA HOLDINGS BERHAD,KLSE:MITRA
NATIONWIDE EXPRESS HOLDINGS BERHAD,skipped
NESTLE (MALAYSIA) BERHAD,KLSE:NESTLE
OCB BERHAD,KLSE:OCB
OCK GROUP BERHAD,KLSE:OCK
OKA CORPORATION BHD,KLSE:OKA
OLDTOWN BERHAD,KLSE:OLDTOWN
OLYMPIA INDUSTRIES BERHAD,KLSE:OLYMPIA
OMESTI BERHAD,KLSE:OMESTI
ONLY WORLD GROUP HOLDINGS BERHAD,KLSE:OWG
ORIENTAL FOOD INDUSTRIES HOLDINGS BERHAD,KLSE:OFI
ORIENTAL HOLDINGS BERHAD,KLSE:ORIENT
ORIENTAL INTEREST BERHAD,KLSE:OIB
ORNAPAPER BERHAD,KLSE:ORNA
NTPM HOLDINGS BERHAD,KLSE:NTPM
P.A. RESOURCES BERHAD,KLSE:PA
P.I.E. INDUSTRIAL BERHAD,KLSE:PIE
NWP HOLDINGS BERHAD,KLSE:NWP
PADINI HOLDINGS BERHAD,KLSE:PADINI
PAN MALAYSIA CORPORATION BERHAD,KLSE:PMCORP
PAN MALAYSIA HOLDINGS BERHAD,KLSE:PMHLDG
PANASONIC MANUFACTURING MALAYSIA BERHAD,KLSE:PANAMY
PANPAGES BERHAD,KLSE:PANPAGE
PANSAR BERHAD,KLSE:PANSAR
PANTECH GROUP HOLDINGS BERHAD,KLSE:PANTECH
NYLEX (MALAYSIA) BERHAD,KLSE:NYLEX
PARAGON UNION BERHAD,KLSE:PARAGON
PARAMOUNT CORPORATION BERHAD,KLSE:PARAMON
PARKSON HOLDINGS BERHAD,KLSE:PARKSON
O&C RESOURCES BERHAD,KLSE:OCR
PAVILION REAL ESTATE INVESTMENT TRUST,KLSE:5212
OSK HOLDINGS BERHAD,KLSE:OSK
PCCS GROUP BERHAD,KLSE:PCCS
PDZ HOLDINGS BHD,KLSE:PDZ
PECCA GROUP BERHAD,KLSE:PECCA
PELANGI PUBLISHING GROUP BHD.,KLSE:PPG
PELIKAN INTERNATIONAL CORPORATION BERHAD,KLSE:PELIKAN
PENSONIC HOLDINGS BERHAD,KLSE:PENSONI
PENTAMASTER CORPORATION BERHAD,KLSE:PENTA
PERAK CORPORATION BERHAD,KLSE:PRKCORP
PERDANA PETROLEUM BERHAD,KLSE:PERDANA
PERISAI PETROLEUM TEKNOLOGI BHD,KLSE:PERISAI
PERMAJU INDUSTRIES BERHAD,KLSE:PERMAJU
PERWAJA HOLDINGS BERHAD,KLSE:PERWAJA
PESONA METRO HOLDINGS BERHAD,KLSE:PESONA
PESTECH INTERNATIONAL BERHAD,KLSE:PESTECH
PETALING TIN BERHAD,KLSE:PTGTIN
PETRA ENERGY BERHAD,KLSE:PENERGY
PETROL ONE RESOURCES BERHAD,KLSE:PETONE
PETRON MALAYSIA REFINING & MARKETING BHD,KLSE:PETRONM
PETRONAS CHEMICALS GROUP BERHAD,KLSE:PCHEM
PACIFIC & ORIENT BERHAD,KLSE:P&O
PETRONAS GAS BERHAD,KLSE:PETGAS
PHARMANIAGA BERHAD,KLSE:PHARMA
PINEHILL PACIFIC BERHAD,KLSE:PINEPAC
PINTARAS JAYA BHD,KLSE:PTARAS
PJBUMI BERHAD,KLSE:PJBUMI
PLB ENGINEERING BERHAD,KLSE:PLB
PLENITUDE BERHAD,KLSE:PLENITU
PAOS HOLDINGS BERHAD,KLSE:PAOS
PMB TECHNOLOGY BERHAD,KLSE:PMBTECH
PNE PCB BERHAD,KLSE:PNEPCB
POH HUAT RESOURCES HOLDINGS BERHAD,KLSE:POHUAT
POH KONG HOLDINGS BERHAD,KLSE:POHKONG
POLY GLASS FIBRE (M) BERHAD,KLSE:POLY
POS MALAYSIA BERHAD,KLSE:POS
POWER ROOT BERHAD,KLSE:PWROOT
PPB GROUP BERHAD,KLSE:PPB
PREMIER NALFIN BERHAD	-,KLSE:PREMIER
PRESS METAL BERHAD,KLSE:PMETAL
PRESTAR RESOURCES BERHAD,KLSE:QL
PRESTARIANG BERHAD,KLSE:PRESBHD
PRG HOLDINGS BERHAD,KLSE:PRG
PASDEC HOLDINGS BERHAD,KLSE:PASDEC
PBA HOLDINGS BHD,KLSE:PBA
PROGRESSIVE IMPACT CORPORATION BERHAD,KLSE:PICORP
PROLEXUS BERHAD,KLSE:PRLEXUS
PROTASCO BERHAD,KLSE:PRTASCO
PETRONAS DAGANGAN BHD,KLSE:PETDAG
PUBLIC BANK BERHAD,KLSE:PBBANK
PUBLIC PACKAGES HOLDINGS BHD,KLSE:PPHB
PUNCAK NIAGA HOLDINGS BERHAD,KLSE:PUNCAK
PWF CONSOLIDATED BERHAD,KLSE:PWF
QL RESOURCES BERHAD,KLSE:QL
QUALITY CONCRETE HOLDINGS BERHAD,KLSE:QUALITY
PLS PLANTATIONS BERHAD,KLSE:PLS
RANHILL HOLDINGS BERHAD,KLSE:SYMPHNY
RAPID SYNERGY BERHAD,KLSE:RAPID
RCE CAPITAL BERHAD,KLSE:RCECAP
REACH ENERGY BERHAD,KLSE:REACH
RED SENA BERHAD,KLSE:RSENA
RELIANCE PACIFIC BERHAD,KLSE:RPB
RESINTECH BERHAD,KLSE:RESINTC
REX INDUSTRY BERHAD,KLSE:REX
RGB INTERNATIONAL BHD,KLSE:RGB
RHB BANK BERHAD,KLSE:RHBCAP
RHONE MA HOLDINGS BERHAD,KLSE:RHONEMA
RIMBUNAN SAWIT BERHAD,KLSE:RSAWIT
RIVERVIEW RUBBER ESTATES BERHAD,KLSE:RVIEW
ROHAS TECNIC BERHAD,KLSE:ROHAS
RUBBEREX CORPORATION (M) BERHAD,KLSE:RUBEREX
SALCON BERHAD,KLSE:SALCON
SALUTICA BERHAD,KLSE:SALUTE
SAM ENGINEERING & EQUIPMENT (M) BERHAD,KLSE:SAM
PRICEWORTH INTERNATIONAL BERHAD,KLSE:PWORTH
PRINSIPTEK CORPORATION BERHAD,KLSE:PSIPTEK
SAND NISKO CAPITAL BERHAD,KLSE:SNC
SAPURA ENERGY BERHAD,KLSE:SENERGY
PERUSAHAAN SADUR TIMAH MALAYSIA (PERSTIMA) BHD,KLSE:PERSTIM
RALCO CORPORATION BERHAD,KLSE:RALCO
SARAWAK CABLE BERHAD,KLSE:SCABLE
SARAWAK CONSOLIDATED INDUSTRIES BERHAD,KLSE:SCIB
SARAWAK OIL PALMS BERHAD,KLSE:SOP
SARAWAK PLANTATION BERHAD,KLSE:SWKPLNT
SASBADI HOLDINGS BERHAD,KLSE:SASBADI
SAUDEE GROUP BERHAD,KLSE:SAUDEE
SBC CORPORATION BERHAD,KLSE:SBCCORP
SAMCHEM HOLDINGS BERHAD,KLSE:SAMCHEM
SCGM BHD,KLSE:SCGM
SANBUMI HOLDINGS BERHAD,KLSE:SANBUMI
SCIENTEX BERHAD,KLSE:SCIENTX
SCOMI ENERGY SERVICES BHD,KLSE:SCOMIES
SAPURA INDUSTRIAL BERHAD,KLSE:SAPIND
SAPURA RESOURCES BERHAD,KLSE:SAPRES
SEACERA GROUP BERHAD,KLSE:SNTORIA
SEAL INCORPORATED BERHAD,KLSE:SEAL
SCANWOLF CORPORATION BERHAD,KLSE:SCNWOLF
SEE HUP CONSOLIDATED BERHAD,KLSE:SEEHUP
SEG INTERNATIONAL BHD,KLSE:SEG
SELANGOR DREDGING BERHAD,KLSE:SDRED
SELANGOR PROPERTIES BERHAD,KLSE:SPB
SENI JAYA CORPORATION BERHAD,KLSE:SJC
SENTORIA GROUP BERHAD,KLSE:SNTORIA
SERBA DINAMIK HOLDINGS BERHAD,KLSE:SERBADK
SEREMBAN ENGINEERING BERHAD,KLSE:SEB
SERN KOU RESOURCES BERHAD,KLSE:SERNKOU
SHANGRI-LA HOTELS (MALAYSIA) BERHAD,KLSE:SHANG
SHH RESOURCES HOLDINGS BERHAD,KLSE:SHH
SHIN YANG SHIPPING CORPORATION BERHAD,KLSE:SYSCORP
SHL CONSOLIDATED BHD,KLSE:SHL
SIG GASES BERHAD,KLSE:SIGGAS
SIGNATURE INTERNATIONAL BERHAD,KLSE:SIGN
SILK HOLDINGS BERHAD,KLSE:SILKHLD
SIME DARBY BERHAD,KLSE:SIME
SIN HENG CHAN (MALAYA) BERHAD,KLSE:SHCHAN
SINO HUA-AN INTERNATIONAL BERHAD,KLSE:HUAAN
SCICOM (MSC) BERHAD,KLSE:SCICOM
SKB SHUTTERS CORPORATION BERHAD,KLSE:SKBSHUT
SKP RESOURCES BHD,KLSE:SKPRES
SLP RESOURCES BERHAD,KLSE:SLP
SCOMI ENGINEERING BHD,KLSE:SCOMIEN
SOLID AUTOMOTIVE BERHAD,KLSE:SOLID
SONA PETROLEUM BERHAD,KLSE:SONA
SOUTH MALAYSIA INDUSTRIES BERHAD,KLSE:SMI
SOUTHERN ACIDS (M) BERHAD,KLSE:SAB
SOUTHERN STEEL BERHAD,KLSE:SSTEEL
S P SETIA BERHAD,KLSE:SPSETIA
SPRING GALLERY BERHAD,KLSE:SGB
SPRITZER BHD,KLSE:SPRITZER
STAR MEDIA GROUP BERHAD,KLSE:STAR
STONE MASTER CORPORATION BERHAD,KLSE:STONE
SCOMI GROUP BERHAD,KLSE:SCOMI
SUCCESS TRANSFORMER CORPORATION BERHAD,KLSE:SUCCESS
SUIWAH CORPORATION BERHAD,KLSE:TALIWRK
SUMATEC RESOURCES BERHAD,KLSE:SUMATEC
SEALINK INTERNATIONAL BERHAD,KLSE:SEALINK
SUNSURIA BERHAD,KLSE:SUNSURIA
SINOTOP HOLDINGS BERHAD,KLSE:SINOTOP
SUNWAY CONSTRUCTION GROUP BERHAD,KLSE:SUNCON
SMIS CORPORATION BERHAD,KLSE:SMISCOR
SUBUR TIASA HOLDINGS BERHAD,KLSE:SUBUR
SUPERMAX CORPORATION BERHAD,KLSE:SUPERMX
SURIA CAPITAL HOLDINGS BERHAD,KLSE:SURIA
SWS CAPITAL BERHAD,KLSE:SWSCAP
SYARIKAT TAKAFUL MALAYSIA BERHAD,KLSE:TAKAFUL
SYCAL VENTURES BERHAD,KLSE:SYCAL
SYF RESOURCES BERHAD,KLSE:SYF
SYMPHONY LIFE BERHAD,KLSE:SYMLIFE
T7 GLOBAL BERHAD,KLSE:T7GLOBAL
TA ANN HOLDINGS BERHAD,KLSE:TAANN
TA ENTERPRISE BERHAD,KLSE:TA
TA GLOBAL BERHAD,KLSE:TAGB
TA WIN HOLDINGS BERHAD,KLSE:TAWIN
TADMAX RESOURCES BERHAD,KLSE:TADMAX
TAFI INDUSTRIES BERHAD,KLSE:TAFI
TAHPS GROUP BERHAD,KLSE:TAHPS
TALAM TRANSFORM BERHAD,KLSE:TALAMT
SUNGEI BAGAN RUBBER COMPANY (MALAYA) BERHAD,KLSE:SBAGAN
TAMBUN INDAH LAND BERHAD,KLSE:TAMBUN
TAN CHONG MOTOR HOLDINGS BERHAD,KLSE:TCHONG
SUNWAY BERHAD,KLSE:SUNWAY
TAS OFFSHORE BERHAD,KLSE:TAS
TASCO BERHAD,KLSE:TASCO
SUNWAY REAL ESTATE INVESTMENT TRUST,KLSE:5176
TATT GIAP GROUP BERHAD,KLSE:TATGIAP
TDM BERHAD,KLSE:TDM
TECK GUAN PERDANA BERHAD,KLSE:TECGUAN
TEK SENG HOLDINGS BERHAD,KLSE:TEKSENG
SUPERLON HOLDINGS BERHAD,KLSE:SUPERLN
TELEKOM MALAYSIA BERHAD,KLSE:TM
TENAGA NASIONAL BHD,KLSE:TENAGA
TEO GUAN LEE CORPORATION BERHAD,KLSE:TGL
TEO SENG CAPITAL BERHAD,KLSE:TEOSENG
TALIWORKS CORPORATION BERHAD,KLSE:TALIWRK
TH HEAVY ENGINEERING BERHAD,KLSE:THHEAVY
TH PLANTATIONS BERHAD,KLSE:THPLANT
THETA EDGE BERHAD,KLSE:THETA
THONG GUAN INDUSTRIES BERHAD,KLSE:TGUAN
THREE-A RESOURCES BERHAD,KLSE:3A
THRIVEN GLOBAL BERHAD,KLSE:THRIVEN
TIEN WAH PRESS HOLDINGS BERHAD,KLSE:TIENWAH
TIGER SYNERGY BERHAD,KLSE:TIGER
TIMBERWELL BERHAD,KLSE:TIMWELL
TIME DOTCOM BERHAD,KLSE:TIMECOM
TIONG NAM LOGISTICS HOLDINGS BERHAD,KLSE:TNLOGIS
TITIJAYA LAND BERHAD,KLSE:TITIJYA
TMC LIFE SCIENCES BERHAD,KLSE:TMCLIFE
TOMEI CONSOLIDATED BERHAD,KLSE:TOMEI
TANCO HOLDINGS BERHAD,KLSE:TANCO
TONG HERR RESOURCES BERHAD,KLSE:TONGHER
TOP GLOVE CORPORATION BHD,KLSE:TOPGLOV
TOWER REAL ESTATE INVESTMENT TRUST,KLSE:5111
TOYO INK GROUP BERHAD,KLSE:TOYOINK
TPC PLUS BERHAD,KLSE:TPC
TRANSOCEAN HOLDINGS BHD,KLSE:UMW
TRC SYNERGY BERHAD,KLSE:TRC
TRIPLC BERHAD,KLSE:TRIPLC
TRIVE PROPERTY GROUP BERHAD,KLSE:TRIVE
TROPICANA CORPORATION BERHAD,KLSE:TROP
TSH RESOURCES BERHAD,KLSE:EKOWOOD
TSR CAPITAL BERHAD,KLSE:TSRCAP
TUNE PROTECT GROUP BERHAD,KLSE:TUNEPRO
TURBO-MECH BERHAD,KLSE:TURBO
TURIYA BERHAD,KLSE:TURIYA
UCHI TECHNOLOGIES BERHAD,KLSE:UCHITEC
UEM EDGENTA BERHAD,KLSE:EDGENTA
UEM SUNRISE BERHAD,KLSE:UEMS
UMS HOLDINGS BERHAD,KLSE:UMS
UMS-NEIKEN GROUP BERHAD,KLSE:UMSNGB
UMW HOLDINGS BERHAD,KLSE:UMW
UMW OIL & GAS CORPORATION BERHAD,KLSE:UMWOG
UNIMECH GROUP BERHAD,KLSE:UNIMECH
TASEK CORPORATION BERHAD,KLSE:TASEK
UNITED MALACCA BERHAD,KLSE:UMCCA
UNITED PLANTATIONS BERHAD,KLSE:UTDPLT
UNITED U-LI CORPORATION BERHAD,KLSE:ULICORP
UOA DEVELOPMENT BHD,KLSE:UOADEV
UOA REAL ESTATE INVESTMENT TRUST,KLSE:5110
UPA CORPORATION BHD,KLSE:UPA
UTUSAN MELAYU (MALAYSIA) BERHAD,KLSE:UTUSAN
UZMA BERHAD,KLSE:UZMA
V.S. INDUSTRY BERHAD,KLSE:VS
VERSATILE CREATIVE BERHAD,KLSE:VERSATL
VITROX CORPORATION BERHAD,KLSE:VITROX
VIZIONE HOLDINGS BERHAD,KLSE:VIZIONE
VOIR HOLDINGS BERHAD,KLSE:VOIR
WAH SEONG CORPORATION BERHAD,KLSE:WASEONG
WANG-ZHENG BERHAD,KLSE:WANGZNG
WARISAN TC HOLDINGS BERHAD,KLSE:WARISAN
WATTA HOLDING BERHAD,KLSE:YSPSAH
WCE HOLDINGS BERHAD,KLSE:WCEHB
WCT HOLDINGS BERHAD,KLSE:WCT
TEKALA CORPORATION BERHAD,KLSE:TEKALA
WELLCALL HOLDINGS BERHAD,KLSE:WELLCAL
WESTPORTS HOLDINGS BERHAD,KLSE:WPRTS
WHITE HORSE BERHAD,KLSE:WTHORSE
TEXCHEM RESOURCES BERHAD,KLSE:TEXCHEM
WILLOWGLEN MSC BERHAD,KLSE:WILLOW
WING TAI MALAYSIA BERHAD,KLSE:WINGTM
TOMYPAK HOLDINGS BERHAD,KLSE:TOMYPA
WOODLANDOR HOLDINGS BHD,KLSE:WOODLAN
WTK HOLDINGS BERHAD,KLSE:WTK
WZ SATU BERHAD,KLSE:WZSATU
XIAN LENG HOLDINGS BERHAD,KLSE:XIANLNG
XIDELANG HOLDINGS LTD,KLSE:XDL
XIN HWA HOLDINGS BERHAD,KLSE:XINHWA
XINGQUAN INTERNATIONAL SPORTS HOLDINGS LIMITED,KLSE:XINQUAN
UNISEM (M) BERHAD,KLSE:UNISEM
Y.S.P.SOUTHEAST ASIA HOLDING BERHAD,KLSE:YSPSAH
YEE LEE CORPORATION BHD,KLSE:IJM
YEN GLOBAL BERHAD,KLSE:YEN
YFG BERHAD,KLSE:YFG
YI-LAI BERHAD,KLSE:YILAI
YINSON HOLDINGS BERHAD,KLSE:YINSON
YKGI HOLDINGS BERHAD,KLSE:YKGI
YLI HOLDINGS BERHAD,KLSE:YLI
YNH PROPERTY BERHAD,KLSE:YNHPROP
YONG TAI BERHAD,KLSE:YONGTAI
YOONG ONN CORPORATION BERHAD,KLSE:YOCB
YTL CORPORATION BERHAD,KLSE:YTL
YTL HOSPITALITY REIT,KLSE:5109
YTL LAND & DEVELOPMENT BERHAD,KLSE:YTLLAND
YTL POWER INTERNATIONAL BHD,KLSE:YTLPOWR
ZECON BERHAD,KLSE:ZECON
ZELAN BERHAD,KLSE:ZELAN
ZHULIAN CORPORATION BERHAD,KLSE:ZHULIAN
